product_id,name,brand,price_rub,segment,category,ingredients_raw,functional_category,pH,allergens,issues
Уникальный ID продукта,Название продукта,Бренд,Цена в рублях (актуальная на дату),бюджетное/мидл/люкс,Категория продукта,Полный список ингредиентов (копипаст),Функция (может быть несколько),Кислотность продукта (если известен),Известные раздражители,Если есть проблемы
product_001,Мягкая пенка с увлажняющим мультикомплексом,Pleyana,743,бюджет,Очищающий гель/пенка,"Aqua, Disodium Cocoyl Glutamate, Coco-Glucoside, Cocamidopropyl Betaine, Betaine, Sodium PCA, Sorbitol, Serine, Glycine, Glutamic Acid, Alanine, Lysine, Arginine, Threonine, Proline, Propandiol, Fragrance, Sodium Fitate, Sapindus Mukurossi Peel Extract, Dichlorobenzyl Alcohol","Мягкое очищение, восстановление барьера, гидратация",5.5 (хороший pH!),"Dichlorobenzyl Alcohol (консервант, более мягкий чем benzyl), Fragrance, Sapindus",✅ Хороший pH 5.5; ✅ Мягкий ПАВ (Disodium Cocoyl Glutamate); ⚠️ Dichlorobenzyl Alcohol — консервант (может быть раздражителем для очень чувствительной кожи); ⚠️ Travel-формат 75мл за 743₽ — дороговато (9.91₽/мл vs обычных очищающих 3-5₽/мл)
product_002,Очищающий гель для лица Sensibio,Bioderma,865,бюджет,Очищающий гель,"Aqua/water/eau, Sodium Cocoamphoacetate, Propanediol, Sodium Lauroyl Sarcosinate, Citric Acid, Coco-glucoside, Glyceryl Oleate, Sodium Citrate, Peg-90 Glyceryl Isostearate, Mannitol, Xylitol, Laureth-2, Rhamnose, Fructooligosaccharides, Tocopherol, Hydrogenated Palm Glycerides Citrate, Lecithin, Ascorbyl Palmitate","Деликатное очищение, восстановление микробиома, гидратация, для sensitive",5.0-5.5,Mannitol/Xylitol (редко) — отсутствуют типичные раздражители,✅ КАЧЕСТВЕННЫЙ; ✅ Нет консервантов-раздражителей; ✅ Пребиотический комплекс; ⚠️ Маленький формат; ⚠️ Не веган (пальмовые гликериды)
product_003,Гель для умывания Sebium,Bioderma,1458,мидл,Очищающий гель,"Aqua (water/eau), Sodium cocoamphoacetate, Sodium laureth sulfate, Methylpropanediol, Disodium EDTA, Mannitol, Xylitol, Rhamnose, Fructooligosaccharides, Zinc sulfate, Copper sulfate, Ginkgo biloba leaf extract, PEG-90 glyceryl isostearate, Lactic acid, Laureth-2, Potassium sorbate, Sodium chloride, Propylene glycol, Sodium hydroxide, Fragrance (parfum). [BI 418]","Мягкое очищение, себорегуляция, пилинг (мягкий), восстановление микробиома",3.5-4.0,"Sodium laureth sulfate (раздражитель для sensitive!), Fragrance, Lactic Acid (может вызвать стянутость), Propylene Glycol","🚨 CRITICAL: Sodium laureth sulfate (SLS) — АГРЕССИВНЫЙ ПАВ, не рекомендовать для sensitive кожи! Это противоречит позиционированию Bioderma (бренд известен для sensitive). ⚠️ Лактическая кислота + SLS = потенциальное раздражение. ✅ Пребиотики хорошо. ✅ Себорегуляция (цинк + медь). ⚠️ Дорого (7.29₽/мл vs Sensibio 8.65₽/мл). 📌 Для кого: Жирная/комбинированная кожа, опыт с AHA. ❌ НЕ для sensitive!"
product_004,Hyaluronic Micellar Water,Aravia Laboratories,505,бюджет,Мицеллярная вода,"Aqua, Glycerin, Poloxamer 184, PEG-40 Hydrogenated Castor Oil, Benzyl Alcohol, Panthenol, Glyceryl Laurate, Sodium Hyaluronate","Мягкое очищение, гидратация, успокаивание",46148,"Benzyl Alcohol (консервант-раздражитель), отсутствуют типичные раздражители иначе","✅ ОЧЕНЬ ДЕШЕВО (0.97₽/мл) — лучший ratio. ✅ Простой состав, безопасный. ✅ Гиалуронат есть, хотя в малой концентрации. ⚠️ Benzyl Alcohol может раздражать sensitive (как в Pleyana). ⚠️ pH ~6.5 (не идеален для мицелляра, лучше 5-5.5). 📌 Для кого: Нормальная/комбинированная кожа, бюджет. ⚠️ НЕ для очень sensitive. 💡 Это типовая мицеллярная вода, без излишеств. Хороший вариант для mass-market."
product_005,Мицеллярная пенка aqua key,DE_CODE,467,бюджет,Мицеллярная пенка,"Aqua, Potassium Laureth-4 Carboxylate, Glycerin, Isopentyldiol, PEG-7 Glyceryl Cocoate, Coco-Glucoside, Aloe Barbadensis Leaf Juice, Cocamidopropyl Betaine, Sodium PCA, Panthenol, Sodium Hyaluronate, Phenoxyethanol, Ethylhexylglycerin, Potassium Sorbate, Sodium Benzoate, Parfum, Disodium EDTA, Lactic Acid","Мягкое очищение, гидратация, микропилинг (очень мягкий), успокаивание",4.0-4.5 (из-за Lactic Acid),"Phenoxyethanol + Ethylhexylglycerin (двойная консервация, может раздражать), Fragrance, Lactic Acid","✅ ХОРОШИЙ БАЛАНС: мягкие ПАВ + гидратация. ✅ Гиалуронат + Алоэ вера (успокаивание). ✅ Лактическая кислота мягкая (для новичков с микропилингом). ⚠️ Phenoxyethanol + Ethylhexylglycerin ВМЕСТЕ (как в DE_CODE пенке Pleyana) — может быть избыточно для sensitive. ⚠️ pH 4.0-4.5 может стянуть очень сухую кожу. 📌 Для кого: Комбинированная, нормальная кожа; начинающие с микропилингом. ⚠️ НЕ для очень sensitive/сухой. 💡 Цена 3.11₽/мл — хороший бюджет-вариант, но консервантов много."
product_006,Dermaclear Cleansing Foam PH,Dr.Jart+,1891,мидл,Пенка для очищения,"Water, Glycerin, Lauryl Hydroxysultaine, Potassium Cocoyl Glycinate, Acrylates Copolymer, 1,2-Hexanediol, Decyl Glucoside, Sodium Chloride, Sodium Methyl Cocoyl Taurate, Ethylhexylglycerin, Citrus Aurantium Bergamia (Bergamot) Fruit Oil, Citrus Paradisi (Grapefruit) Peel Oil, Pelargonium Graveolens (Geranium) Flower Oil, Sea Salt, Salvia Officinalis (Sage) Oil, Pogostemon Cablin (Patchouli) Oil, Aminobutyric Acid, Tromethamine, Citric Acid, Alcohol Denat., Sodium Carbonate, Limonene, Citronellol, Linalool, Geraniol, Disodium EDTA","Мягкое очищение, успокаивание, pH-буферизирующее",4.5-5.0 (благодаря Tromethamine (pH buffer) + Citric Acid),"Множественные эфирные масла (Bergamot, Grapefruit, Geranium, Sage, Patchouli — ФОТОТОКСИЧНЫ!), Limonene, Citronellol, Linalool, Ethylhexylglycerin, Alcohol Denat. (спирт)","✅ ХОРОШИЙ pH (4.5-5.0, буферизирован правильно). ✅ Мягкие ПАВ (Lauryl Hydroxysultaine + Potassium Cocoyl Glycinate). ✅ ГАМК (нейротрансмиттер, успокаивает чувствительную кожу). 🚨 МНОЖЕСТВЕННЫЕ ФОТОТОКСИЧНЫЕ МАСЛА (Bergamot, Grapefruit, Geranium) — ❌ НЕ ДЛЯ ДНЕВНОГО ИСПОЛЬЗОВАНИЯ без SPF 50+++! ⚠️ Alcohol Denat. (спирт) может раздражать очень sensitive. ⚠️ Самая дорогая из всех (15.76₽/мл). 📌 ВЕРДИКТ: ОТЛИЧНЫЙ состав для ночного очищения, но фототоксичен днём. Для sensitive кожи — лучше Bioderma Sensibio, если нужно использовать днём."
product_007,Low Ph Good Morning Gel Cleanser,COSRX,1086,мидл,Очищающий гель с BHA,"Water, Cocamidopropyl Betaine, Sodium Lauroyl Methyl Isethionate, Sodium Chloride, Polysorbate 20, Styrax Japonicus Branch/Fruit/Leaf Extract, Butylene Glycol, Saccharomyces Ferment, Cryptomeria Japonica Leaf Extract, Nelumbo Nucifera Leaf Extract, Pinus Palustris Leaf Extract, Ulmus Davidiana Root Extract, Oenothera Biennis (Evening Primrose) Flower Extract, Pueraria Lobata Root Extract, Melaleuca Alternifolia (Tea Tree) Leaf Oil, Allantoin, Caprylyl Glycol, Ethylhexylglycerin, Betaine Salicylate, Citric Acid, Ethyl Hexanediol, 1,2-Hexanediol, Trisodium Ethylenediamine Disuccinate, Sodium Benzoate, Disodium EDTA","Мягкое очищение, микропилинг (BHA), антибактериальное, противовоспаление, ферментативный пилинг","3.5-4.0 (из-за Betaine Salicylate + Citric Acid, идеально для BHA)","Melaleuca Alternifolia (Tea Tree Oil может быть раздражителем), Ethylhexylglycerin, Sodium Benzoate, Citric Acid","✅ ОТЛИЧНЫЙ pH (3.5-4.0, идеален для BHA). ✅ Мягкие ПАВ (не агрессивны). ✅ BHA (Betaine Salicylate, работает), но НИЗКАЯ концентрация (~0.5-1%). ✅ Ферментативный пилинг (Saccharomyces Ferment) + BHA = двойной пилинг, но мягкий. ✅ Tea Tree (антибактериальный, хорошо для жирной/акне кожи). ⚠️ Tea Tree Oil может раздражать чувствительную кожу. ⚠️ НЕ для очень sensitive (два пилинга). 📌 ВЕРДИКТ: ОТЛИЧНЫЙ гель для жирной/проблемной кожи, новичков с BHA. Ценный продукт, стоит добавить."
product_008,Увлажняющий гель для умывания,Biocos,994,бюджет,Увлажняющий гель,"Aqua, Acrylates Copolymer, Coco-Glucoside, Caprylyl/Capryl Glucoside, Cocamidopropyl Betaine, Hydroxyethyl Urea, Sodium Cocoyl Isethionate, Isopentyldiol, Disodium Cocoamphodiacetate, Olive Oil Glycereth-8 Esters, Vaccinium Myrtillus Fruit Extract, Saccharum Officinarum Extract, Citrus Aurantium Dulcis (Orange) Fruit Extract, Citrus Limon (Lemon) Fruit Extract, Acer Saccharum (Sugar Maple) Extract, Tocopheryl Acetate, Sodium Chloride, Tetrasodium Glutamate Diacetate, Sodium Hydroxide, Mannitol, Microcrystalline Cellulose, Silica, Kaolin, Hydroxypropyl Methylcellulose, Methylisothiazolinone, Methylchloroisothiazolinone, Parfum, CI 77007","Мягкое очищение, гидратация, мягкий себоконтроль (Kaolin + Silica), антиоксидация, питание","~6.5-7 (Sodium Hydroxide может поднять pH выше 5.5, потенциально щелочной)","Methylisothiazolinone + Methylchloroisothiazolinone (консерванты, могут раздражать), Citrus Aurantium + Citrus Limon (фототоксичны!), Parfum, Sodium Hydroxide","⚠️ pH ВЕРОЯТНО >6.5 (Sodium Hydroxide используется для нейтрализации, может поднять pH выше безопасного). ✅ Мягкие ПАВ (хорошо). ✅ Гидратация (Hydroxyethyl Urea, достаточная концентрация). ⚠️ Kaolin + Silica одновременно = может пересушить. ⚠️ ФОТОТОКСИЧНЫЕ масла (Orange, Lemon) — ❌ НЕ для дневного использования без SPF! ⚠️ Двойная консервация (Methylisothiazolinone + Methylchloroisothiazolinone) может раздражать. 📌 ВЕРДИКТ: СРЕДНЕЕ качество. pH вероятно неидеален, фототоксичные масла, консерванты спорные. Не рекомендовать для sensitive. Есть лучшие варианты (COSRX, Bioderma)."
product_009,Пенка для нормальной и жирной кожи Sapindus mukurossi,EMANSI + AphSystem,2745,мидл,Пенка для очищения,"Aqua, disodium cocoilglutamate, coco-glucoside, glycerin, propanediol, cocamidopropyl betaine, linoleamidopropyl PG-dimonium chloride phosphate, fragrance, Sapindus mukurossi peel extract, Asparagus officinalis stem extract, (+) L-lactic acid, sodium fitate, hinokitiol, o-cymen-5-ol","Мягкое очищение, мягкий микропилинг (лактическая кислота), себорегуляция (Sapindus), антибактериальное",~4.0-4.5 (из-за L-lactic acid),"O-Cymen-5-Ol (консервант-фенол, раздражитель), Fragrance, Linoleamidopropyl PG-dimonium chloride phosphate (кондиционер, может раздражать)","✅ Хорошие мягкие ПАВ. ✅ Sapindus mukurossi (натуральный, работает). ✅ Лактическая кислота мягкая. ⚠️ O-Cymen-5-Ol (фенол-консервант, может раздражать sensitive). ⚠️ Linoleamidopropyl PG-dimonium chloride phosphate (кондиционер для волос в очищающем для лица? странно). 🚨 ЦЕНА 16.15₽/мл — САМАЯ ДОРОГАЯ! За что? За натуральный Sapindus? За статус Emansi? Это переплата. 📌 ВЕРДИКТ: Хороший состав, но дорого. Для жирной кожи — работает, но есть дешевле варианты (COSRX 7.24₽/мл)."
product_010,Мицеллярная вода с антиоксидантами Siberian Code,Siberian Health,570,бюджет,Мицеллярная вода с активными,"Aqua, Glycerin, Polysorbate 20, Propanediol, Lauryl Glucoside, Sodium Lauryl Glucose Carboxylate, Allantoin, Dipotassium Glycyrrhizate, Lactobacillus Ferment Filtrate/Pinus Sylvestris Bud Extract/Inonotus Obliquus Extract/Vaccinium Vitis-Idaea Fruit Extract/Cladonia Rangiferina Extract/Scutellaria Baicalensis Root Extract, 3-O-Ethyl Ascorbic Acid, Parfum, Caprylhydroxamic Acid, Betaine, Ferulic Acid, Pentylene Glycol, Beta-Glucan, Citric Acid, 1,2-Hexanediol, Sodium Benzoate, Potassium Sorbate, Sclerotium Gum, Sodium Hyaluronate, Astaxanthin, Caprylic/Capric Triglyceride, Fullerenes, Hydrogenated Lecithin, Tetrasodium Glutamate Diacetate, Butylene Glycol, Sodium Hydroxide, Sodium Chloride, Polyglyceryl-10 Diisostearate, PVP, Limonene, Linalool, Citral, Geraniol","Очищение (мицеллярная), антиоксидация (витамин C, феруловая кислота), гидратация",~4.5-5.0 (благодаря Citric Acid буферизации),"Limonene, Linalool, Citral, Geraniol (ФОТОТОКСИЧНЫЕ!), Parfum, Sodium Hydroxide (может повысить pH выше оптимального), Caprylhydroxamic Acid","✅ ХОРОШИЙ pH (~4.5-5.0). ✅ Витамин C (Ethyl Ascorbic Acid, стабилизирован, работает). ✅ Феруловая кислота (синергия с витамином C). ✅ Ферментированный комплекс (хорошая идея). 🚨 ФОТОТОКСИЧНЫЕ МАСЛА (Limonene, Linalool, Citral, Geraniol) — ❌ НЕ ДЛЯ ДНЕВНОГО ИСПОЛЬЗОВАНИЯ! ⚠️ Фуллерены (0.05%) — МАРКЕТИНГ. Концентрация микроскопическая, функционально бесполезна. ⚠️ Астаксантин (0.05%) — тоже микродоза. ⚠️ Sodium Hydroxide может повысить pH выше буферизации. 📌 ВЕРДИКТ: Хороший состав (витамин C + феруловая кислота), но ТОЛЬКО для вечера из-за фототоксичных масел. Фуллерены + астаксантин = маркетинг обман. Цена 2.85₽/мл разумна."
product_011,Пенка увлажняющая с сибирскими эндемиками,Siberian Health,520,бюджет,Пенка для очищения,"Aqua, Aloe Barbadensis Leaf Juice, Anthemis Nobilis Flower Water, Glycerin, Disodium Cocoyl Glutamate, Cocamidopropyl Hydroxysultaine, Inulin, Lippia Citriodora Leaf Water, L-Lactic Acid, Sodium PCA, Galactoarabinan, Benzyl Alcohol, Betaine, Eleutherococcus Senticosus Root Extract, Rhaponticum Carthamoides Root Extract, Scutellaria Baicalensis Extract, Rhododendron Adamsii Extract, Rhodiola Quadrifida Extract, Plantago Major Leaf Extract, Tilia Americana Flower Extract, Sodium Benzoate, Benzoic Acid, Trisodium Ethylenediamine Disuccinate, Dehydroacetic Acid, Sodium Chloride, Parfum, Maltodextrin, Potassium Sorbate, Citric Acid","Мягкое очищение, мягкий микропилинг (лактическая кислота), успокаивание, гидратация, пребиотический комплекс",~4.0-4.5 (из-за L-lactic acid),"Benzyl Alcohol (консервант-раздражитель), Benzoic Acid + Dehydroacetic Acid (двойная консервация), Parfum, Citral (из гидролата вербены, фототоксичен)","✅ Хорошие мягкие ПАВ. ✅ Алоэ вера (много, работает). ✅ Лактическая кислота мягкая. ✅ Инулин (пребиотик, как в Bioderma Sensibio). ✅ Сибирские растения (хорошее добавление). ⚠️ Benzyl Alcohol (консервант, может раздражать). ⚠️ Двойная консервация (Benzoic Acid + Dehydroacetic Acid) — может быть избыточной. ⚠️ Citral (фототоксичен, хотя микроконцентрация в гидролате вербены). 📌 ВЕРДИКТ: Хороший состав, честный. Похож на VT Cica (успокаивающее), но дешевле (3.47₽/мл). Хороший выбор для всех типов кожи."
product_012,Мягкий гель с пробиотиками Experalta Platinum,Siberian Health,900,бюджет,Очищающий гель с пробиотиками,"Aqua, Cocamidopropyl Betaine, Sodium Cocoyl Isethionate, Decyl Glucoside, Glycol Distearate, Inulin, Betaine, Allantoin, Alpha-Glucan Oligosaccharide, Glycereth-26, Glycerin, Lactococcus Ferment Lysate, Guar Hydroxypropyltrimonium Chloride, Glucomannan, Benzyl Alcohol, Lactic Acid, Ganoderma Lucidum (Lingzhi Mushroom) Extract, Glyceryl Laurate, Parfum, Trisodium Ethylenediamine Disuccinate, Sodium Benzoate, Sodium Chloride","Мягкое очищение, мягкий микропилинг (лактическая кислота), пробиотический комплекс (пребиотики + пробиотик-лизат), противовоспаление",~4.0-4.5 (из-за Lactic Acid),"Benzyl Alcohol (консервант), Parfum, Guar Hydroxypropyltrimonium Chloride (кондиционер, может быть раздражителем)","✅ Отличные мягкие ПАВ (три вместе). ✅ Пребиотик-пробиотик комплекс (Inulin + Alpha-Glucan + Lactococcus Lysate, редко встречается). ✅ Чага (Ganoderma Lucidum, противовоспаление). ✅ Лактическая кислота мягкая. ⚠️ Benzyl Alcohol (консервант). ⚠️ Guar Hydroxypropyltrimonium Chloride (кондиционер, может раздражать sensitive). ⚠️ Пробиотик-ЛИЗАТ (мёртвые бактерии) — есть дебат, работают ли лизаты как живые пробиотики. 📌 ВЕРДИКТ: Интересный состав с пребиотиками + пробиотик-лизатом. Цена 9.00₽/мл высока для очищающего, но за инновацию можно простить. Хороший выбор."
product_013,Гель с омега-кислотами и сибирскими эндемиками,Siberian Health,440,бюджет,Очищающий гель с омега-маслами,"Aqua, Cocamidopropyl Betaine, Sodium Cocoamphoacetate, Decyl Glucoside, Carbomer, Sodium Citrate, Glycerin, Linum Usitatissimum (Linseed) Seed Extract, Hippophae Rhamnoides (Sea-Buckthorn) Fruit Oil, Camelina Sativa (Camelina) Seed Oil, Vaccinium Macrocarpon (Cranberry) Seed Oil, Betaine, Beta-Carotene, Parfum, Scutellaria Baicalensis Extract, Eleutherococcus Senticosus Root Extract, Helianthus Annuus (Sunflower Seed) Oil, Benzyl Alcohol, Sodium Hydroxide, Glyceryl Laurate, Rhaponticum Carthamoides Root Extract, Rhodiola Quadrifida Extract, Rhododendron Adamsii Extract, Tocopherol, Sodium Benzoate, Potassium Sorbate","Мягкое очищение, питание (омега-масла), антиоксидация (витамин E + каротин), противовоспаление (сибирские растения)",~5.0-5.5 (благодаря Sodium Citrate + Carbomer буферизации),"Parfum, Benzyl Alcohol (консервант), Sodium Hydroxide (может повысить pH)","✅ ОТЛИЧНЫЕ мягкие ПАВ (три штуки). ✅ pH-буферизация (Sodium Citrate, хорошо). ✅ Омега-масла (работают, питают). ✅ Витамин E + каротин (антиоксиданты). ✅ Сибирские растения (полезны). ⚠️ Benzyl Alcohol (консервант). ⚠️ Масла могут оставить плёнку на коже (зависит от типа). ⚠️ Carbomer (гелирующий полимер) может быть раздражителем для очень sensitive. 📌 ВЕРДИКТ: ХОРОШИЙ выбор! Лучший ratio цена/качество из Siberian Health. Хорош для сухой/комбинированной кожи. Цена 2.20₽/мл — справедлива."
product_014,Фитобиотоник увлажняющий,Pleyana,1152,мидл,Тоник/Эссенция,"Aqua, Ginseng Extract, Apple Juice, Peach Juice, Wheat Extract, Barley Seed Extract, Betaine, Sodium PCA, Sorbitol, Serine, Glycine, Glutamic Acid, Alanine, Lysine, Arginine, Threonine, Proline, PEG-40 Hydrogenated Castor Oil, Poloxamer 124, Benzyl Alcohol (and) Glyceryl Laurate, Sapindus Mukurossi Peel Extract, Parfum","Гидратация, успокаивание, адаптоген, мультиуход","Неизвестен (вероятно 5-6, так как для всех типов)","Benzyl Alcohol (консервант, может раздражать чувствительную кожу), Fragrance (неизвестный аллергич потенциал), Sapindus (натуральный компонент, редко)","⚠️ pH не указан; Benzyl Alcohol раздражитель; Fragrance — не INCI; невысокая концентрация активных (скорее увлажнитель, чем терапия)"
product_015,b.moisture,8.1.8 Beauty Formula,562,бюджет,Увлажняющий гель-крем,"Aqua, Glycerine, Bis-PEG-15 Methyl Ether Dimethicone, Ceramide NP, Ceramide AP, Ceramide EOP, Phytosphingosine, Cholesterol, Sodium Lauroyl Lactylate, Carbomer, Xanthan Gum, Hydrolyzed Yeast Protein, Butylene Glycol, Pentylene Glycol, Squalane, PEG-40 Hydrogenated Castor Oil, Urea, Allantoin, Tephrosia Purpurea Seed Extract, Magnesium Ascorbyl Phosphate, Bisabolol, Citric Acid, Triethanolamine, Coco-Glucoside, Safflower Seed Oil Polyglyceryl-4 Esters, Thermal Water, Tocopheryl Acetate, Centella Asiatica Leaf Extract, Dehydroacetic Acid, Benzyl Alcohol, Parfum, Chlorophyll, Disodium EDTA, Copernicia Cerifera (Carnauba) Wax","Восстановление барьера (керамиды), гидратация (мочевина + Glycerin), укрепление (Centella), мягкое осветление (витамин C)",~5.5 (благодаря Citric Acid + Triethanolamine буферизации),"Benzyl Alcohol (консервант), Dimethicone (силикон), Dehydroacetic Acid (консервант), Parfum, Copernicia Wax (может быть аллергеном)","✅ ОТЛИЧНЫЙ СОСТАВ: керамидная триада (NP, AP, EOP), холестерин, фитосфингозин = идеальная система восстановления барьера. ✅ Витамин C (стабилизированный). ✅ Мочевина (сильный увлажнитель). ✅ pH идеален (5.5). ✅ Цена отличная (2.81₽/мл за такой состав!). ⚠️ Benzyl Alcohol (консервант, может раздражать). ⚠️ Dimethicone (силикон, может оставить пленку на очень sensitive). 📌 ВЕРДИКТ: ЛУЧШИЙ ratio цена/качество из всех тоников! Керамиды + витамин C + мочевина = профессиональный состав. Рекомендовать как базовый увлажняющий гель-крем."
product_017,Dr.Apple-Tox Pore,Medi-Peel,4804,люкс,Пилинг-тонер (активный),"Purified water, apple extract (20%), propanediol, glycerin, niacinamide, 1,2-hexanediol, glycereth-26, butylene glycol, panthenol, xylitol glucoside, anhydroxylitol, sodium hyaluronate, xylitol, carbonated water, grape extract, melon extract, watermelon extract, aloe vera extract, cucumber extract, kiwi extract, plum extract, kakadu plum extract, persimmon leaf extract, safflower extract, coffee bean extract, Green tea extract, chestnut bark extract, sancho leaf extract, mandarin orange peel extract, fig extract, mulberry fruit extract, pomegranate extract, ginkgo extract, neem leaf extract, evening primrose extract, elm root extract, king pine leaf extract, arrowroot extract, Mugwort extract, Comfrey leaf extract, Lycopodium extract, Horsetail extract, Yellow Chaste weed extract, Seedaceae dill extract, Port marigold flower extract, Lactobacillus/Pomegranate fermented extract, Lactobacillus/Fermented soybean extract Yeast/barley seed fermentation filtrate, star anise extract, adenosine, polyglyceryl-10 laurate, polyglyceryl-4 laurate, beta-glucan, apanoteke sacrum exopolysaccharide, caprylyl/capryl Glucoside, Disodium EDTA, Pentylene Glycol, Caprylyl Glycol, EthylhexylGlycerin, Yellow No. 4, Blue No. 1, Fragrance","Пилинг (мягкий, ферментативный), пребиотический комплекс (ферментированные), гидратация, успокаивание, антиоксидация (40+ экстрактов)",~5.5 (благодаря Glycerin + буферизации),"Цветные пигменты (Yellow No. 4, Blue No. 1) — могут окрасить кожу, Mandarin Orange (фототоксичен если есть масло), Fragrance, множество растительных экстрактов (редко аллергия, но возможна)","✅ ИННОВАТИВНЫЙ СОСТАВ: 20% Apple Extract (маска!) + ферментированные комплексы (редко встречается). ✅ 40+ растительных экстрактов (спектр антиоксидантов огромен). ✅ pH ~5.5 (мягко). ✅ Большой объем (500мл) за цену (9.61₽/мл хорошо). ⚠️ МАРКЕТИНГ: ""Dr.Apple-Tox"" звучит как 30-дневный курс, но это просто тонер. ⚠️ Цветные пигменты (может окрасить кожу). ⚠️ Mandarin Orange (если эфирное масло, то фототоксично). ⚠️ 40+ экстрактов = высокий риск аллергии на что-то. 📌 ВЕРДИКТ: Интересный состав, но маркетинг-ориентирован (""Dr.Apple"", ""Miracle""). Лучше для опытных пользователей. pH мягкий, поэтому можно ежедневно."
product_018,Refresh AHA BHA Vitamin C Daily Toner,COSRX,1510,мидл,Тонер-эксфолиант,"Actinidia Chinensis (Kiwi) Fruit Extract, Hylocereus Undatus Fruit Extract, Salix Alba (Willow) Bark Water, Pyrus Malus (Apple) Fruit Water, Butylene Glycol, Niacinamide, 1,2-Hexanediol, Ethyl Hexanediol, Sodium Lactate, Water, Glycolic Acid, Allantoin, Panthenol, Adenosine, Betaine Salicylate, Ascorbyl Glucoside","Пилинг (двойной: AHA+BHA), осветление (витамин C), гидратация, успокаивание",3.0-3.5 (низкий pH для эффективности AHA),"Glycolic Acid (может раздражать), Ascorbyl Glucoside (витамин C), фруктовые экстракты (редко), Panthenol (успокаивает)","✅ ХОРОШИЙ СОСТАВ: двойной пилинг (AHA+BHA) + витамин C + Niacinamide (смягчение раздражения). ✅ Низкий pH (3.0-3.5) идеален для кислот. ✅ Фруктовые экстракты (киви, питахая) добавляют антиоксиданты. ⚠️ КРИТИЧНО: Это АКТИВНЫЙ пилинг, НЕ для ежедневного использования! Максимум 2-3x в неделю вечером. 🚨 КОНФЛИКТЫ: ❌ Нельзя в один день с Retinol, другими пилингами, витамином C отдельно. 📌 ВЕРДИКТ: Отличный продукт для жирной/проблемной кожи, опытные пользователи. НЕ для новичков, НЕ для sensitive."
product_019,AHA-BHA-PHA 30 Days Miracle Serum,Some By Mi,1414,мидл,Сыворотка с кислотами,"Water, Centella Asiatica Extract, Cetyl Ethylhexanoate, Caprylic/Capric Triglyceride, Glycerin, Olea Europaea (Olive) Fruit Oil, Propanediol, Alcohol, Butylene Glycol, 1,2-Hexanediol, Niacinamide, Melaleuca Alternifolia (Tea Tree) Leaf Water, Sodium Chloride, Citrus Paradisi (Grapefruit) Peel Oil, Citrus Aurantium Dulcis (Orange) Peel Oil, Curcuma Longa (Turmeric) Root Extract, Melia Azadirachta Leaf Extract, Ethylhexylglycerin, Melia Azadirachta Flower Extract, Disodium EDTA, Gaultheria Procumbens (Wintergreen) Leaf Extract, Xanthan Gum, Lactobionic Acid, Pelargonium Graveolens Flower Oil, Boswellia Carterii Oil, Pentylene Glycol, Corallina Officinalis Extract, Melia Azadirachta Bark Extract, Camellia Sinensis Leaf Extract, Amyris Balsamifera Bark Oil, Prunus Amygdalus Dulcis (Sweet Almond) Oil, Moringa Oleifera Seed Oil, Rosa Canina Fruit Oil, Camellia Oleifera Seed Oil, Camellia Sinensis Seed Oil, Oryza Sativa (Rice) Bran Oil, Ocimum Sanctum Leaf Extract, Limnanthes Alba (Meadowfoam) Seed Oil, Caprylyl Glyc...","Пилинг (мягкий, PHA), противовоспаление, питание (масла), антибактериальное действие, успокаивание",~4.0-4.5 (из-за Lactobionic Acid + Alcohol),"Множество эфирных масел (Grapefruit, Orange, Geranium, Wintergreen, Boswellia, Amyris) — ФОТОТОКСИЧНЫ!, Alcohol (спирт, может раздражать), Ethylhexylglycerin, Citrus масла","✅ ОТЛИЧНЫЙ СОСТАВ: PHA (мягкий пилинг), Centella (успокаивает), масла (питание). ✅ ""30 Days Miracle"" = концепция постепенного использования (не агрессивна). ⚠️ КРИТИЧНО: 20+ эфирных масел (Grapefruit, Orange, Geranium, Wintergreen) = ФОТОТОКСИЧНОСТЬ! ❌ НЕ ДЛЯ ДНЕВНОГО ИСПОЛЬЗОВАНИЯ БЕЗ SPF 50+++! ⚠️ Alcohol в составе (может раздражать). 🚨 КОНФЛИКТЫ: Нельзя с витамином C отдельно (кислотный конфликт). ⚠️ ДОРОГО (28.28₽/мл за 50мл). 📌 ВЕРДИКТ: Хороший PHA-тонер для постепенного введения кислот (отсюда ""30 Days""). Но фототоксичен! ТОЛЬКО вечер. Хорошее соотношение активных + питания."
product_020,Hydrabio Moisturising Toning Lotion,Bioderma,1735,мидл,Увлажняющий тонер,"QUA/WATER/EAU, GLYCERIN, POLYSORBATE 20, DISODIUM EDTA, NIACINAMIDE, XYLITOL, ALLANTOIN, FRUCTOOLIGOSACCHARIDES, MANNITOL, HEXYLDECANOL, SODIUM HYDROXIDE, CITRIC ACID, RHAMNOSE, PYRUS MALUS (APPLE) SEED EXTRACT, BRASSICA CAMPESTRIS (RAPESEED) STEROLS, TOCOPHEROL, CETRIMONIUM BROMIDE, FRAGRANCE (PARFUM). [BI 532]","Гидратация (пребиотики + Glycerin), успокаивание (стеролы + Niacinamide), pH-буферизация",~5.5 (благодаря Citric Acid + Sodium Hydroxide балансу),"Отсутствуют типичные раздражители (отличная гипоаллергенность!), только Fragrance (неизвестный), Polysorbate 20 (редко раздражает), Cetrimonium Bromide (консервант, мягкий)","✅ ОТЛИЧНЫЙ СОСТАВ: пребиотический комплекс (как в Bioderma Sensibio). ✅ pH идеален (5.5). ✅ Отсутствуют агрессивные консерванты. ✅ Для sensitive кожи (Bioderma специализируется на этом). ✅ Хорошее увлажнение (Glycerin + пребиотики). ⚠️ НЕ пилинг-тонер (это просто увлажняющий тонер). ⚠️ Не содержит активные кислоты (для тех, кто ищет эксфолиацию). 📌 ВЕРДИКТ: ОТЛИЧНЫЙ тонер для sensitive/воспаленной кожи. Безопасен ежедневно. Лучше, чем COSRX для sensitive."
product_021,Lotion Tonique Éclat,PAYOT,1020,мидл,Тоник/Эссенция,"Aqua, Glycerin, Butylene Glycol, Polysorbate 20, Citrus Aurantium Amara (Bitter Orange) Flower Water, Chlorphenesin, Parfum, Xanthan Gum, Sodium Hydroxide, Citric Acid, Gossypium Hirsutum Seed Extract, Tropaeolum Majus Flower/Leaf/Stem Extract, Pentylene Glycol, Sodium Benzoate, Potassium Sorbate","Увлажнение, тонизирование, освежение",~5.0-5.5 (благодаря Citric Acid + Sodium Hydroxide буферизации),"Citrus Aurantium (фототоксичен только в форме эфирного масла, здесь вода = безопасна), Chlorphenesin, Parfum","✅ ПРОСТОЙ, ЧЕСТНЫЙ СОСТАВ. ✅ pH контролируется правильно. ✅ Горькооранжевая вода (традиционный ингредиент, работает). ✅ Хорошее увлажнение (Glycerin + Butylene Glycol). ⚠️ Chlorphenesin (консервант, может раздражать при sensitive). ⚠️ Цена 5.10₽/мл разумна. 📌 ВЕРДИКТ: Хороший базовый тоник для всех типов кожи. Не маркетинг, простой и честный."
product_022,Vinoclean Moisturizing Toning Lotion,Caudalie,1012,мидл,Увлажняющий тоник,"Aqua, Butylene Glycol, Rosa Damascena Flower Water, Saccharide Isomerate, Methylpropanediol, Sodium Benzoate, Caprylyl Glycol, Citric Acid, Phenylpropanol, Sodium Carboxymethyl Beta-Glucan, Sodium Citrate","Увлажнение, успокаивание, тонизирование, легкий укрепляющий эффект",~5.0-5.5 (Citric Acid + Sodium Citrate),"Phenylpropanol (консервант, редко раздражает), Sodium Benzoate, отсутствуют типичные раздражители","✅ КАЧЕСТВЕННЫЙ СОСТАВ. ✅ Розовая вода (классическая, работает). ✅ Saccharide Isomerate (редко встречается, хороший увлажнитель). ✅ Beta-Glucan (иммуномодулятор). ⚠️ Маленький объём (100мл за 1012₽ = дорого). ⚠️ Цена 10.12₽/мл высока. 📌 ВЕРДИКТ: Люкс-тоник с хорошим составом, но дорого за объём."
product_023,Sensibio Успокаивающий тоник,Bioderma,2283,мидл,Успокаивающий тоник,"Aqua, Glycerin, Xylitol, Polysorbate 20, Mannitol, Rhamnose, Fructooligosaccharides, Cucumis Sativus (Cucumber) Fruit Extract, Peg-40 Hydrogenated Castor Oil, Allantoin, Propylene Glycol, Disodium EDTA, Cetrimonium Bromide, Sodium Hydroxide, Citric Acid","Восстановление микробиома, увлажнение, успокаивание, pH буферизация",~5.0-5.5,"Пропиленгликоль (может раздражать при sensitivity), отсутствуют типичные раздражители (нет Fragrance, очень гипоаллергенен)","✅ ОТЛИЧНЫЙ СОСТАВ. ✅ Пребиотический комплекс (как в Bioderma Sensibio очищающем). ✅ Огурец (мягко успокаивает). ✅ Allantoin (заживляет). ✅ pH правильный. ⚠️ Дорого (9.13₽/мл). ❌ Нет гиалуроната (только пребиотики для гидратации). 📌 ВЕРДИКТ: TOP для sensitive/воспаленной кожи. Лучший состав из всех тоников. Дорогой, но оправдано."
product_024,Forever Young Balancing Toner,Christina,3320,люкс,Пилинг-тоник с AHA/BHA,"Hexylene Glycol, Chlorphenesin, Caprylyl Glycol, Glycolic Acid, Lactic Acid, Sodium Hydroxide, Propylene Glycol, Fragrance, Deionized Water, Phenoxyethanol, Quillaja Saponaria Bark Extract, Saponaria Officinalis Leaf Extract, Hamamelis Virginiana Water, Polysorbate-20, Decyl Glucoside, Blue-1 (CI 42090), Yellow No. 10 (CI 47005), Red No. 33 (CI 17200)","Пилинг (AHA комбинация), очищение пор, противовоспаление","3.2-3.7 (по заявлению, очень кислое для AHA)","Glycolic Acid + Lactic Acid (раздражители!), Phenoxyethanol, цветные пигменты (могут окрашивать), Fragrance","🚨 ЭТО АКТИВНЫЙ ПИЛИНГ, НЕ ТОНИК! ✅ pH правильный для AHA (3.2-3.7). ✅ Двойной AHA (гликолевая + лактическая = мощный пилинг). ⚠️ ОЧЕНЬ раздражающий (не для ежедневного использования). ⚠️ Цветные пигменты (Blue-1, Yellow 10, Red 33) могут окрасить кожу или вызвать аллергию. ⚠️ Дорого (11.07₽/мл за активный пилинг). 📌 ВЕРДИКТ: УСЛОВНО для опытных пользователей. 2-3x в неделю вечером только. НЕ для новичков, sensitive."
product_025,Face Tonic Moisturizing,Tony Morris,774,бюджет,Тоник с AHA/BHA,"Water, Panthenol, Chlorhexidine Digluconate, Berberis Aouifolium (Mahonia Aquifolium) Extract, Rosa Centifolia Flower Extract, Camellia Sinensis (Green Tea) Leaf Extract, AHA, BHA, Citric Acid, Lactic Acid, Perfume","Увлажнение, мягкий пилинг (AHA+BHA), успокаивание, антиоксидация",~4.0-4.5 (из-за Lactic Acid + Citric Acid),"Chlorhexidine Digluconate (консервант, может раздражать), AHA+BHA (раздражители), Fragrance","⚠️ НЕПОЛНАЯ ИНФОРМАЦИЯ: AHA и BHA указаны БЕЗ INCI названия и концентраций! ⚠️ Это заявлено, но неизвестно сколько. ⚠️ Chlorhexidine Digluconate (консервант-раздражитель, часто вызывает контактный дерматит). ✅ Panthenol, Mahonia, зеленый чай хороши. 📌 ВЕРДИКТ: ПОДОЗРИТЕЛЬНО. Неполная информация о кислотах. Консервант раздражающий. Цена 3.87₽/мл низкая, но за неизвестный состав. НЕ рекомендовать без более подробной информации."
product_026,Exfoliating Toner,Krygina Cosmetics,1619,мидл,Пилинг-тоник AHA,"Water, Glycerin, Propylene Glycol, Phenoxyethanol (And) Ethylhexylglycerin, Polysorbate-20, Lactic Acid, Malic Acid, Glycolic Acid, Panthenol, Allantoin, Lotus Japonicus Extract, Hamamelis Extract, Citric Acid, Parfum","Пилинг (тройной AHA), осветление, себорегуляция",3.0-3.5 (очень кислое),"Phenoxyethanol + Ethylhexylglycerin (двойная консервация), Glycolic Acid (может раздражать), Parfum","✅ ОТЛИЧНЫЙ АХА КОМПЛЕКС (три кислоты). ✅ pH правильный (3.0-3.5 для AHA). ⚠️ ТРОИЧНЫЙ ПИЛИНГ (Лактическая + Гликолевая + Яблочная) = МОЩНЫЙ! ⚠️ Растительные экстракты минорны. 🚨 КОНФЛИКТЫ: ❌ Retinol в один день, ❌ витамин C отдельно, ❌ другие AHA/BHA. 📌 ВЕРДИКТ: Для опытных только. 2-3x в неделю вечером. Новичкам — слишком агрессивно."
product_027,AHA-Cleansing Tonic,Aravia Laboratories,750,бюджет,Пилинг-тоник AHA,"Aqua, Glycerin, Lactic Acid, Phenoxyethanol, PEG-40 Hydrogenated Castor Oil, Glycolic Acid, Ananas Sativus Fruit Extract, Citrus Limon Fruit Extract, Punica Granatum Fruit Extract, Vitis Vinifera Fruit Extract, Sodium Hydroxide, Citric Acid, Malic Acid, Hydroxyethylcellulose, Parfum, Ethylhexylglycerin","Пилинг (двойной AHA), осветление (фруктовые кислоты), гидратация",3.5-4.0 (благодаря Citric Acid + Sodium Hydroxide буферизации),"Phenoxyethanol (консервант-раздражитель), Glycolic Acid, фруктовые экстракты (редко), Parfum","✅ ХОРОШИЙ БАЛАНС: двойной AHA + фруктовые кислоты (осветление). ✅ Цена очень хорошая (3.00₽/мл). ✅ pH буферизирован правильно. ⚠️ Phenoxyethanol может раздражать sensitive. ⚠️ Лимонный/апельсиновый экстракты могут быть фототоксичны в концентрациях. 📌 ВЕРДИКТ: ОТЛИЧНОЕ соотношение цена/качество. Лучше, чем Krygina (дешевле в 5x раз). Для опытных пользователей."
product_028,Acid Key,DE_CODE,399,бюджет,Пилинг-тоник (многофункциональный),"Aqua, Glycolic Acid, Pentylene Glycol, Aloe Barbadensis Leaf Juice, Sodium Hydroxide, Gluconolactone, Mandelic Acid, Malic Acid, Citric Acid, Glycyrrhiza Glabra Rhizome/Root Extract, Panthenol, Phenoxyethanol, Ethylhexylglycerin, Potassium Sorbate, Sodium Benzoate, Parfum, Disodium EDTA, Linalool, Geraniol","Пилинг (AHA+PHA комбинация, мягкий), гидратация, успокаивание, осветление",3.5-4.0 (из-за Glycolic Acid + Citric Acid + Sodium Hydroxide буферизации),"Linalool + Geraniol (из растительных экстрактов, могут быть фототоксичны), Phenoxyethanol, Ethylhexylglycerin (двойная консервация), Parfum","✅ ОТЛИЧНЫЙ ВЫБОР: PHA (гюконолактон) + AHA = мягкий пилинг! ✅ Алоэ + солодка (успокаивают). ✅ Цена ОЧЕНЬ хорошая (2.66₽/мл). ✅ pH правильный. ⚠️ Двойная консервация (Phenoxyethanol + Ethylhexylglycerin). ⚠️ Linalool + Geraniol (фототоксичны). 📌 ВЕРДИКТ: BEST BUDGET CHOICE! PHA для начинающих, хорошая гидратация, отличная цена. Лучше Aravia (дешевле)."
product_029,Royal Caviar Anti-Age,Natura Siberica,2908,мидл,Люкс пилинг-тоник,"Aqua, Butylene Glycol, Dipropylene Glycol, Gluconolactone, Tranexamic Acid, Mandelic Acid, Lactic Acid, Glycolic Acid, Arginine, Caviar Extract, Panthenol, Aralia Mandshurica Leaf/Stem Water, Flavocetraria Nivalis Water, Codium Fragile Extract, Ahnfeltia Plicata Extract, Geranium Sibiricum Extract, Rhododendron Dauricum Flower/Leaf/Stem Extract, Bis-PEG-18 Methyl Ether Dimethyl Silane, PEG-40 Hydrogenated Castor Oil, Parfum, Benzyl Alcohol, Sodium Benzoate, Potassium Sorbate, Sodium Hydroxide","Пилинг (PHA+AHA комбинация, мягкий), осветление (Tranexamic), анти-эйдж, противовоспаление, гидратация","~4.0-4.5 (благодаря Gluconolactone (PHA, pH-буфер) + буферизации)","Benzyl Alcohol (консервант), Parfum, растительные масла из сибирских растений могут быть раздражителями","✅ ОТЛИЧНЫЙ СОСТАВ: PHA+AHA (мягкий), Tranexamic Acid (редко встречается!), сибирские растения. ✅ Tranexamic Acid помогает при пигментации и воспалении. ⚠️ Caviar Extract — маркетинг (1% = микродоза). ⚠️ Benzyl Alcohol (консервант). ⚠️ ДОРОГО (19.39₽/мл). 📌 ВЕРДИКТ: ОТЛИЧНЫЙ СОСТАВ (Tranexamic = плюс), но переплачиваешь за Caviar. Для опытных пользователей, анти-эйдж."
product_031,AHA+BHA+PHA Tonic Perfector,MASKOHOLIC,601,бюджет,Пилинг-тоник (тройной),"Deionized water, gluconolactone, propylene glycol, hydroxyethyl urea, glycerin, aloe barbadensis leaf juice, sodium hydroxide, lactic acid, glycolic acid, malic acid, mandelic acid, citric acid, PEG-40 hydrogenated castor oil, salicylic acid, phenoxyethanol, parfum","Пилинг (AHA+BHA+PHA — тройной!), гидратация, себорегуляция, осветление",3.5-4.0 (из-за лактической + гликолевой + лимонной кислот),"Phenoxyethanol (раздражитель), Parfum, множество кислот = потенциальное раздражение","🚨 ТРОЙНОЙ ПИЛИНГ (AHA+BHA+PHA)! ✅ ОЧЕНЬ ДЕШЕВО (3.01₽/мл). ✅ Алоэ + Hydroxyethyl Urea (гидратация). ✅ pH правильный. 🚨 ОЧЕНЬ ОПАСНО: Это не для новичков! Три типа пилинга одновременно = раздражение при регулярном использовании. ⚠️ Phenoxyethanol. 📌 ВЕРДИКТ: ТОЛЬКО опытные пользователи, 1-2x в неделю максимум! Не ежедневно!"
product_032,Обновляющий и выравнивающий пилинг,Siberian Health,900,бюджет,Пилинг-тоник (с эфирными маслами),"aqua (water), propanediol, gluconolactone, polysorbate 20, lactic acid, tartaric acid, glycolic acid, allantoin, salicylic acid, bisabolol, schizandra chinensis fruit extract, pogostemon cablin (patchouli) leaf oil, chlorphenesin, sodium hydroxide, parfum, ganoderma lucidum (lingzhi mushroom) extract, juniperus communis (juniper) fruit oil, cananga odorata (ylang ylang) flower oil, citrus aurantium (neroli) flower oil, citrus bergamia (bergamot) peel oil, cupressus sempervirens (cypress) leaf oil, vetiveria zizanoides (vetiver) root oil, cedrus atlantica (cedar) bark oil","Пилинг (PHA+AHA+BHA комбинация), успокаивание, противовоспаление",~3.5-4.0 (из-за лактической + гликолевой + винной кислот),"🚨 МНОЖЕСТВЕННЫЕ ФОТОТОКСИЧНЫЕ ЭФИРНЫЕ МАСЛА (Bergamot, Neroli, Citrus, Cypress, Juniper = 6+ фототоксичных масел!), Phenoxyethanol, Chlorphenesin, Tartaric Acid","✅ ХОРОШИЙ СОСТАВ: PHA+AHA+BHA, Bisabolol (успокаивает), Чага. ✅ Цена разумна (4.50₽/мл). 🚨🚨 КРИТИЧНО: 6+ ФОТОТОКСИЧНЫХ ЭФИРНЫХ МАСЕЛ! ❌ НЕ для дневного использования БЕЗ SPF 50+++! ⚠️ Тройной пилинг + фототоксичные масла = очень раздражающее для sensitive. ⚠️ Chlorphenesin может раздражать. 📌 ВЕРДИКТ: ТОЛЬКО ночной уход. Не для дневного использования! Новичкам слишком агрессивно."
product_033,Тоник обновляющий (Сибирские эндемики),Siberian Health,520,бюджет,Пилинг-тоник (мягкий BHA),"Aqua, Aloe Barbadensis Leaf Juice, Salvia Officinalis Leaf Water, Thymus Vulgaris Leaf Water, Pentylene Glycol, Betaine, Salicylic Acid, Niacinamide, Lippia Citriodora Leaf Water, Arginine, Lactobacillus/Soymilk Ferment Filtrate, Lactobacillus/Rye Flour Ferment, Bacillus/Soybean Ferment Extract, Benzyl Alcohol, Acrylic Polymer, Glycerin, Propanediol, 1,2-Hexanediol, Eleutherococcus Senticosus Root Extract, Rhaponticum Carthamoides Root Extract, Scutellaria Baicalensis Extract, Rhododendron Adamsii Extract, Rhodiola Quadrifida Extract, Benzoic Acid, Dehydroacetic Acid, Potassium Sorbate, Sodium Benzoate, Citric Acid","Пилинг (мягкий BHA), гидратация, успокаивание, противовоспаление, пребиотический комплекс",~5.0-5.5 (благодаря буферизации Citric Acid),"Benzyl Alcohol (консервант), Benzoic Acid + Dehydroacetic Acid (двойная консервация), растительные экстракты (редко), Parfum отсутствует (хорошо!)","✅ МЯГКИЙ BHA (0.5-1%, хороший для новичков). ✅ Ферментированные комплексы (редко встречаются). ✅ Гидролаты (Шалфей, Тимьян работают). ✅ NO Fragrance (отличный выбор). ✅ Цена хорошая (2.60₽/мл). ⚠️ Двойная консервация (Benzyl Alcohol + Benzoic + Dehydroacetic). ⚠️ Novichkam OK, но консерванты могут раздражать very sensitive. 📌 ВЕРДИКТ: ОТЛИЧНЫЙ выбор для новичков с BHA! Мягче, чем другие. Лучший для sensitive."
product_034,MOISTURIZER RICH,Don't Touch My Skin,2371,мидл,Питающий ночной крем,"Aqua, Hydrogenated Polyisobutene, Simmondsia Chinensis (Jojoba) Seed Oil, Glyceryl Stearate, Lactococcus Ferment Lysate, Glycerin, Cetearyl Glucoside/Cetearyl Alcohol, Alkyl Malate, Polydimethylsiloxane, Alkyl Lactate, Niacinamide, Cyclopentasiloxane/Dimethicone/Vinyl Dimethicone Crosspolymer, Ammonium Acryloyldimethyltaurate/VP Copolymer, Cetearyl Alcohol/Potassium Cetyl Phosphate, Squalane, Aloe Barbadensis Leaf Gel, Panthenol, Urea, Ethylhexyl Palmitate / Silica Dimethyl Silylate / Butylene Glycol / Pentylene Glycol / Sodium Hyaluronate, Sodium L-Pyrrolidone Carboxylate / Sodium Lactate / L-Arginine / L-Aspartic Acid / L-Pyrrolidone Carboxylic Acid / Glycine / L-Alanine / L-serine / L-Valine / L-Proline / L-Threonine / L-Isoleucine / L-Histidine / L-Phenylalanine / Aqua, Synthetic Beeswax, Tocopherol, Linoleic Acid/Linolenic Acid, Phenoxyethanol/Methylparaben/Ethylparaben/Propylparaben, Sodium Hyaluronate, Hydrogenated Lecithin, Ascorbyl Glucoside, Bis-Ethylhexyl Hydroxydimethoxy Benzylmalonate, Succinic Acid, Isoquercetin","Ночной питающий крем, восстановление барьера, гидратация, пробиотический комплекс","~5.5-6.0 (нейтральный, буфер отсутствует видимо)","Парабены (Methylparaben + Ethylparaben + Propylparaben, 3 консерванта!), Phenoxyethanol, Fragrance отсутствует (хорошо), Silicones (Dimethicone, Cyclopentasiloxane)","✅ ОТЛИЧНАЯ ЛИПИДНАЯ СИСТЕМА (Jojoba + Squalane + Lecithin + Potassium Cetyl Phosphate). ✅ Пробиотик-лизат (редко встречается). ✅ Аминокислотный комплекс (восстановление). ⚠️ ПАРАБЕНЫ (3 вида!) — старая, спорная консервная система. ⚠️ Силиконы (много) — могут оставить пленку на коже, затруднят очищение. ⚠️ САМАЯ ДОРОГАЯ (47.42₽/мл за 50мл). 📌 ВЕРДИКТ: Хороший состав (липиды, пробиотики), но парабены и силиконы спорны. Для ночи OK, но есть лучше без парабенов."
product_035,Mineral 89,VICHY,2226,мидл,Легкий увлажняющий крем,"Aqua, Glycerin, Dicaprylyl Ether, Pentylene Glycol, Polyglyceryl-6 Distearate, Niacinamide, Propanediol, Cetyl Esters, Jojoba Esters, Cetearyl Isononanoate, Squalane, Behenyl Alcohol, Adenosine, Capryloyl Salicylic Acid, Hydroxyacetophenone, Mineral Salts, Sodium Hyaluronate, Trisodium Ethylenediamine Disuccinate, Vitreoscilla Ferment, Tocopherol, Acacia Decurrens Flower Cera, Acrylamide/Sodium Acryloyldimethyltaurate Copolymer, Cetyl Alcohol, Helianthus Annuus Seed Cera, Hydroxypropyl Starch Phosphate, Isohexadecane, Polyglycerin-3, Polyglyceryl-3 Beeswax, Polysorbate 80, Sodium Stearoyl Glutamate, Sorbitan Oleate, Parfum","Легкий дневной увлажняющий крем, мягкий себоконтроль (BHA), гидратация, себорегуляция",~5.5-6.0 (нейтральный),"Capryloyl Salicylic Acid (BHA, раздражитель), Fragrance, Polysorbate 80 (может раздражать), Beeswax (животное), Acrylamide (спорный консервант)","✅ ИННОВАТИВНО: BHA (Capryloyl Salicylic Acid) в КРЕМЕ! Обычно BHA в тониках/пилингах, редко в кремах. ⚠️ BHA в креме может быть раздражающим при ежедневном использовании. ✅ Нияцинамид (себорегуляция). ✅ Пребиотики (Vitreoscilla). ⚠️ Fragrance, Polysorbate 80 могут раздражать. ⚠️ Не веган (Beeswax). 📌 ВЕРДИКТ: Инновативно, но BHA в креме — нишевой вариант. Для жирной кожи с опытом. Не для чувствительной."
product_036,Sebium Sensitive,Bioderma,1679,мидл,Легкий крем для жирной sensitive,"Aqua/Water/eau, Glycerin, Methyl Methacrylate Crosspolymer, Dipropylene Glycol, Zinc Gluconate, Coco-Caprylate/Caprate, Vinyl Dimethicone/Methicone, Silsesquioxane Crosspolymer, Caprylic/Capric Triglyceride, Arachidyl Alcohol, Behenyl Alcohol, Polyacrylate Crosspolymer-6, Sodium Polyacrylate, Glycyrrhetinic Acid, Propylene Glycol, Arachidyl Glucoside, Bakuchiol, Laminaria Ochroleuca Extract, Mannitol, Xylitol, Sodium Metabisulfite, Rhamnose, Ginkgo Biloba Leaf Extract, Tocopherol, Fructooligosaccharides, Fragrance (Parfum)","Легкий крем для жирной sensitive кожи, себорегуляция, противовоспаление, ретинизирующий (мягкий), пребиотический комплекс",~5.5-6.0 (нейтральный),"Vinyl Dimethicone (силикон), Fragrance, консервантов минимум, Sodium Metabisulfite (может раздражать при sensitivity)","✅ BAKUCHIOL! (ретинол-подобный, без раздражения, отличный!) ✅ Пребиотический комплекс (восстанавливает микробиом). ✅ Себорегуляция (Zinc) для жирной. ✅ Легкая текстура (для жирной sensitive). ⚠️ Силикон (Vinyl Dimethicone, может оставить пленку). ⚠️ Sodium Metabisulfite (может раздражать sensitive). ⚠️ ДОРОГО (55.97₽/мл за 30мл, это люкс в люксе). 📌 ВЕРДИКТ: TOP для жирной sensitive с опытом. Bakuchiol — редкий компонент (обычно в люкс-сегменте). Рекомендовать!"
product_037,Keep Calm Cream,THE U,516,бюджет,Успокаивающий крем,"Purified water, glycerin, glyceryl stearate SE, triheptanoin, dicapryl carbonate, fructooligosaccharides, avocado oil, sweet almond oil, caprylic/capric triglycerides, cetearyl alcohol, squalane, centella asiatica extract, kelp extract, propylene glycol, sodium acrylate/sodium acryloyl dimethyltaurate copolymer, caprylhydroxamic acid, perfume, sodium stearoyl lactylate, citric acid, xanthan gum, glyceryl caprylate, potassium sorbate, sodium benzoate","Успокаивающий, питающий крем, для раздраженной/воспаленной кожи, пребиотический",~5.0-5.5 (благодаря Citric Acid),"Fragrance, Propylene Glycol, Sodium Acrylate (консервант), Caprylhydroxamic Acid (консервант, может раздражать)","✅ CENTELLA ASIATICA (мощная концентрация, успокаивает!). ✅ Пребиотики + питающие масла (Avocado + Almond). ✅ pH правильный (5.0-5.5). ✅ Простой, честный состав (нет парабенов). ⚠️ Fragrance (неизвестный состав). ⚠️ Sodium Acrylate + Caprylhydroxamic Acid (консерванты, могут раздражать). 📌 ВЕРДИКТ: ХОРОШИЙ выбор для раздраженной/воспаленной кожи. Centella в высокой концентрации — редко встречается в кремах. Рекомендовать!"
product_038,NMF Protection,Гельтек,1049,мидл,Восстанавливающий крем,"Вода Очищенная, Изононил Изононаноат, Глицерин, Каприлик/каприк Триглицерид, Глицерил Стеарат Цитрат, Масло Ши, Гидроксиэтил Мочевина, Бетаин, Сквалан, Алюминия Крахмал Октенилсукцинат, Натрий Pca, Сорбитол, Серин, Глицин, Глутаминовая Кислота, Аланин, Лизин, Аргинин, Треонин, Пролин, Гексилдеканол, Бисаболол, Цетилгидроксипролин Пальмитамид, Стеариновая Кислота, Фитостеролы Рапсового Масла, С12-16 Высшие Жирные Спирты, Пальмитиновая Кислота, Гидрогенизированный Лецитин, Цетеариловый Спирт, Витамин Е(токоферил Ацетат) Акрилат Натрия, Натрия Акрилоилдиметилтаурата Сополимер, Дисодиум Эдта, Гидроксиацетофенон, 1,2- Гександиол, Каприлилгликоль, Отдушка","Восстановление барьера (NMF система + липиды), глубокая гидратация, успокаивание","~6.0-6.5 (нейтральный, буфер видимо в Glyceryl Stearate Citrate)","Консервантов нет видимо (или Hydroxyacetophenone минимально), Fragrance, Paraben отсутствуют (хорошо!)","✅ ОТЛИЧНАЯ NMF-СИСТЕМА (9 аминокислот восстанавливают натуральный увлажнитель кожи!). ✅ Липидная триада (Shea, Squalan, Lecithin, Plant Sterols). ✅ Нет парабенов. ✅ Цена разумна (34.97₽/мл за 30мл). ✅ Для поврежденного/сухого барьера — отличный выбор. ⚠️ Fragrance (неизвестный состав). ⚠️ Маленький формат (30мл, быстро закончится). 📌 ВЕРДИКТ: РЕКОМЕНДОВАТЬ! TOP для восстановления барьера. NMF система редко встречается. Честный состав."
product_039,Niacinamide mask,LABORATORIUM,351,бюджет,Маска питающая,"Вода, рапсовое масло, стеариновая кислота, цетеарил оливат, сорбитан оливат, глицерин, пентиленгликоль, гидролизованные протеины пшеницы, ниацинамид, каприлик/каприк триглицериды, трегалоза, инулин, гиалуронат натрия, L-аргинин, бензиловый спирт","Питание, гидратация, восстановление, пребиотический уход",~5.5-6.0 (благодаря масляной основе + буферизации),"Бензиловый спирт (консервант, может раздражать), рапсовое масло (может быть аллергеном)","✅ Маслянистая основа (питание). ✅ Протеины + пребиотики. ✅ Ниацинамид (себорегуляция). ⚠️ ОЧЕНЬ МАЛЕНЬКИЙ ФОРМАТ (20мл! На 1-2 применения). ⚠️ Бензиловый спирт может раздражать. 🚨 ДОРОГО за объём (17.55₽/мл за микроформат). 📌 ВЕРДИКТ: Хорошая маска по составу, но формат маркетинговый (пробник)."
product_040,Bifida Biome Deep Sleeping Mask,Ma:nyo,3667,люкс,Ночная маска (биопробиотики + PHA),"Water, bifida ferment lysate, glycerin, butylene glycol, caprylic/capric triglyceride, cetyl ethylhexanoate, methylpropanediol, niacinamide, 1,2-hexanediol, centella asiatica extract, oenothera biennis (evening primrose) flower extract, chamomilla recutita (matricaria) flower extract, hamamelis virginiana (witch hazel) water, borago officinalis extract, centaurea cyanus flower extract, sodium hyaluronate, hyacinthus orientalis (hyacinth) extract, lavandula angustifolia (lavender) flower extract, salvia sclarea (clary) extract, dextrin, hydrogenated lecithin, dipropylene glycol, ceramide np, cholesterol, capryloyl salicylic acid, gluconolactone, theobroma cacao (cocoa) extract, inulin, xanthan gum, cellulose, fructose, glucose, polyglyceryl-3 methylglucose distearate, sodium acrylate/sodium acryloyldimethyl taurate copolymer, polyisobutene, carbomer, polyglyceryl-2 stearate, hydroxyethyl acrylate/sodium acryloyldimethyl taurate copolymer, sorbitan isostearate, adenosine, lactobacillus ferment lysate, lactobacillus/milk ferment filtrate, lactococcus ferment lysate, saccharomyces ferment lysate filtrate, streptococcus thermophilus ferment, arginine, glyceryl stearate, stearyl alcohol, ethylhexylglycerin, caprylyl/capryl glucoside, sorbitan oleate, cellulose gum, disodium edta","Ночная маска, пробиотический уход (микробиом), мягкий пилинг (BHA+PHA), восстановление барьера, антиоксидация",~5.0-5.5 (благодаря буферизации PHA + BHA),"Ethylhexylglycerin (консервант, может раздражать), Lavender Oil (фототоксичен, но это ночная маска), множество растительных экстрактов (редко аллергия)",✅ ОТЛИЧНЫЙ СОСТАВ: 5 видов пробиотик-лизатов (редко встречается!). ✅ BHA+PHA комбинация (мягкий двойной пилинг в маске!). ✅ Керамиды (восстановление). ✅ Centella (успокаивает). 🚨 ОЧЕНЬ ИННОВАТИВНО: Пробиотики + пилинг в ночной маске = редкая комбинация. ⚠️ ДОРОГО (36.67₽/мл). ⚠️ Ethylhexylglycerin может раздражать. 📌 ВЕРДИКТ: TOP для любителей инноваций. Хороша для восстановления микробиома + мягкого пилинга.
product_041,Vitamin Tree Brightening Pack,Ma:nyo,2069,мидл,Ночная маска (осветление),"Hippophae rhamnoides water, glycerin, citrus limon (lemon) fruit water, citrus junos fruit extract, niacinamide, propylene glycol dicaprylate, physalis alkekengi fruit extract, terminalia ferdinandiana fruit extract, propolis extract, 1,2-hexanediol, rosa canina fruit oil, sclerotium gum, distarch phosphate, betaine, xanthan gum, citrus aurantium dulcis (orange) oil, cetearyl olivate, myrciaria dubia fruit extract, honey, honey extract, phaseolus radiatus seed extract, lactic acid, royal jelly extract, rosa canina fruit extract, glycyrrhiza glabra (licorice) root extract, euterpe oleracea fruit extract, ethylhexylglycerin, cetearyl alcohol, sorbitan olivate, arachidyl alcohol, tocopherol, helianthus annuus (sunflower) seed oil, litsea cubeba fruit oil, behenyl alcohol, cetearyl glucoside, arachidyl glucoside, hippophae rhamnoides oil, limonene, citral","Ночная маска, осветление (витамин C + лактическая кислота), антиоксидация, питание",~4.0-4.5 (из-за лактической кислоты + цитрусовых кислот),"🚨 МНОЖЕСТВЕННЫЕ ФОТОТОКСИЧНЫЕ МАСЛА (Citrus Limon, Citrus Aurantium, Litsea Cubeba, Rose Hip Oil, Limonene, Citral)","✅ ОТЛИЧНЫЙ СОСТАВ для осветления: облепиховая вода (витамины), лактическая кислота, Propolis. ✅ Ночная маска (фототоксины не критичны). 🚨 КРИТИЧНО: Множественные ФОТОТОКСИЧНЫЕ МАСЛА (лимон, апельсин, лицея) — ❌ НЕ для дневного использования! ⚠️ НЕ веган (мёд, Royal Jelly). ⚠️ Acidic (~4.0-4.5) может раздражать sensitive при регулярном использовании. 📌 ВЕРДИКТ: TOP для ночного осветления (витамин C + лактическая кислота + Propolis). Но только вечер!"
product_042,Mugwort Calming Soothing гель,Round Lab,1092,мидл,Успокаивающий гель (не маска),"Aqua, Butylene Glycol, Dipropylene Glycol, Propanediol, Glycerin, 1,2-Hexanediol, Betaine, Polyglyceryl-10 Laurate, Ammonium Acryloyldimethyltaurate/VP Copolymer, Acrylates/C10-30 Alkyl Acrylate Crosspolymer, Tromethamine, Ethylhexylglycerin, Artemisia Princeps Leaf Extract, Disodium EDTA, Decyl Glucoside, Panthenol, Allantoin, Melia Azadirachta Leaf Extract, Camellia Sinensis Leaf Extract, Salvia Officinalis Oil, Melia Azadirachta Flower Extract, Salix Alba Bark Extract, Centella Asiatica Leaf Extract, Cladosiphon Okamuranus Extract, Coffea Arabica Seed Extract, Citrus Aurantium Bergamia Leaf Extract, Pinus Densiflora Leaf Extract, Portulaca Oleracea Extract, Centella Asiatica Extract, Tocopherol, Artemisia Vulgaris Extract, Madecassoside, Madecassic Acid, Asiaticoside, Asiatic Acid","Успокаивающий гель для чувствительной кожи, противовоспаление, гидратация",~5.5-6.0 (благодаря pH-буферизации Tromethamine),"Ethylhexylglycerin (консервант), Salvia Officinalis Oil (может быть раздражителем), Citrus Aurantium Bergamia (фототоксичен, но концентрация низкая)","✅ ОТЛИЧНЫЙ для sensitive: Artemisia + Centella + Panthenol. ✅ pH буферизирован (Tromethamine). ✅ Множество успокаивающих компонентов. ⚠️ Ethylhexylglycerin может раздражать. ⚠️ Salvia Oil может быть раздражителем (эфирное масло). 📌 ВЕРДИКТ: TOP для sensitive, воспаленной кожи. Хороший выбор (7.28₽/мл)."
product_043,Birch juice moisturizing toner,Round Lab,1446,мидл,Тонер увлажняющий (с витамином C),"Water, Glycerin, Propanediol, Glycereth-26, Pentylene Glycol, Betula Platyphylla Japonica Juice, 1,2-Hexanediol, Chondrus Crispus Extract, Saccharum Officinarum (Sugarcane) Extract, Sodium Hyaluronate, Hyaluronic Acid, Panthenol, Tromethamine, Dipotassium Glycyrrhizate, Glyceryl Caprylate, Glyceryl Glucoside, Butylene Glycol, Ascorbic Acid, Carbomer, Xanthan Gum, Disodium EDTA","Тонер увлажняющий, осветление (витамин C), гидратация, успокаивание",~5.0-5.5 (благодаря pH-буферизации Tromethamine),"Ascorbic Acid (витамин C может раздражать, но pH буферизирован), Ethylhexylglycerin, Carbomer (полимер может раздражать)","✅ ОТЛИЧНЫЙ состав: Betula Juice (натуральный витамин C источник!), Ascorbic Acid (стабилизирован pH), гиалуронаты, солодка. ✅ pH правильный (5.0-5.5). ✅ Большой объём (300мл) за разумную цену. ⚠️ Ascorbic Acid + витамин C комбо (может быть избыточной концентрацией). 📌 ВЕРДИКТ: TOP для гидратации + мягкого осветления. Лучше, чем многие серумы с витамином C."
product_044,1025 Dokdo Bubble Cleansing Foam,Round Lab,1237,мидл,Пенка для очищения (мягкий BHA),"Aqua, Disodium Cocoyl Glutamate, Glycerin, Coco-Glucoside, Disodium Cocoamphodiacetate, Lauryl Glucoside, Methylpropanediol, Butylene Glycol, Sodium Chloride, Caprylyl Glycol, Ethoxydiglycol, Glyceryl Caprylate, Salicylic Acid, Citric Acid, Polyglyceryl-10 Myristate, Sodium Citrate, Dipropylene Glycol, 2,3-Butanediol, Polyglyceryl-10 Laurate, Sea Water, Sodium Cocoyl Isethionate, Glycereth-26, Propanediol, 1,2-Hexanediol, Sodium Phytate, Decyl Glucoside, Quillaja Saponaria Bark Extract, Camellia Sinensis Leaf Extract, Centella Asiatica Leaf Extract, Cladosiphon Okamuranus Extract, Salix Alba Bark Extract, Coffea Arabica Seed Extract, Citrus Aurantium Bergamia Leaf Extract, Allantoin, Dipotassium Glycyrrhizate, Panthenol, Pinus Densiflora Leaf Extract, Hyaluronic Acid, Ethylhexylglycerin, Hydrolyzed Hyaluronic Acid, Sodium Hyaluronate","Очищение (мягкие ПАВ + мягкий BHA), гидратация, успокаивание","~3.5-4.0 (идеально для BHA, благодаря Citric Acid + Sodium Citrate)","Salicylic Acid (может раздражать, но концентрация низкая), Ethylhexylglycerin, Citrus Aurantium Bergamia (фототоксичен, но концентрация низкая)","✅ ОТЛИЧНЫЙ СОСТАВ: 5 мягких ПАВ (редко встречается!). ✅ pH идеален для BHA (3.5-4.0). ✅ Мягкий BHA для новичков. ✅ Sea Water (минералы, тонизирующее). ✅ Гиалуронаты + успокаивающие экстракты (хорошая комбинация). ⚠️ Ethylhexylglycerin. 📌 ВЕРДИКТ: TOP для новичков с BHA + гидратацией. Лучше, чем COSRX (7.24₽/мл), потому что 5 ПАВ + гиалуронаты."
product_045,1025 Dokdo Cream,Round Lab,1601,мидл,Дневной/ночной крем с керамидами,"Water, Glycerin, Caprylic/Capric Triglyceride, Dipropylene Glycol, Hydrogenated Poly(C6-14 Olefin), Cetearyl Alcohol, Methyl Trimethicone, 1,2-Hexanediol, Caprylyl Methicone, Phenyl Trimethicone, C12-16 Alcohols, Butyrospermum Parkii (Shea) Butter, Glyceryl Stearate SE, Polymethylsilsesquioxane, Cetearyl Glucoside, Palmitic Acid, Cetearyl Olivate, Sorbitan Olivate, Hydrogenated Lecithin, Ammonium Acryloyldimethyltaurate/VP Copolymer, Copernicia Cerifera (Carnauba) Wax, Ethylhexylglycerin, Glyceryl Caprylate, Stearic Acid, Disodium EDTA, Sea Water, Allantoin, Panthenol, Butylene Glycol, Chondrus Crispus Extract, Beta-Glucan, Saccharum Officinarum (Sugarcane) Extract, Ceramide AP, Ceramide AS, Ceramide EOP, Ceramide NP, Ceramide NS, Cholesterol, Phytosphingosine, Hyaluronic Acid, Hydrolyzed Hyaluronic Acid, Sodium Hyaluronate","Дневной/ночной крем, восстановление барьера (керамидная триада!), гидратация (гиалуронаты), питание (Shea Butter)",~6.0-6.5 (нейтральный),"Methyl Trimethicone + Caprylyl Methicone + Phenyl Trimethicone (силиконы, много!), Ethylhexylglycerin, Carnauba Wax (может быть раздражителем)","✅ ОТЛИЧНЫЙ состав: Керамидная ПЕНТАДА (5 керамидов! редко встречается), Cholesterol + Phytosphingosine (идеальная липидная триада). ✅ Гиалуронаты в трех формах. ✅ Шея масло (питание). ⚠️ МНОГО СИЛИКОНОВ (3 вида Trimethicone + Polymethylsilsesquioxane) — могут оставить пленку на коже. 🚨 ДОРОГО (20.01₽/мл за 80мл). 📌 ВЕРДИКТ: TOP для восстановления барьера (керамидная пентада редкость!), но силиконы могут быть проблемой для очень чувствительной кожи."
product_046,Birch juice moisturizing sunscreen SPF 50+,Round Lab,1448,мидл,SPF 50+ PA++++ (химический+минеральный),"Water, Dibutyl Adipate, Propanediol, Diethylamino Hydroxybenzoyl Hexyl Benzoate, Polymethylsilsesquioxane, Ethylhexyl Triazone, Niacinamide, Methylene Bis-Benzotriazolyl Tetramethylbutylphenol, Coco-Caprylate/Caprate, Caprylyl Methicone, Diethylhexyl Butamido Triazone, Glycerin, 1,2-Hexanediol, Butylene Glycol, Betula Platyphylla Japonica Juice(1,425ppm), Sodium Hyaluronate, Hyaluronic Acid, Glyceryl Glucoside, Dipotassium Glycyrrhizate, Allantoin, Portulaca Oleracea Extract, Artemisia Annua Extract, Pinus Sylvestris Leaf Oil, Anthemis Nobilis Flower Oil, Acrylates/C10-30 Alkyl Acrylate Crosspolymer, Sodium Stearoyl Glutamate, Polyacrylate Crosspolymer-6, Ethylhexylglycerin, Ascorbic Acid, Adenosine, Pentylene Glycol, Behenyl Alcohol, Poly C10-30 Alkyl Acrylate, Polyglyceryl-3 Methylglucose Distearate, Decyl Glucoside, Tromethamine, Xanthan Gum, t-Butyl Alcohol, Tocopherol, Carbomer","SPF 50+ PA++++ (широкий спектр, химический-минеральный гибрид), гидратация, осветление (витамин C), успокаивание",~5.0-5.5 (благодаря pH-буферизации),"Диethylamino Hydroxybenzoyl Hexyl Benzoate (может быть раздражителем), Ethylhexyl Triazone (может быть раздражителем), Ascorbic Acid (витамин C), Pinus Sylvestris Leaf Oil + Anthemis Flower Oil (фототоксичны, но это SPF — маскируется УФ-защитой)","✅ SPF 50+ PA++++ (хороший уровень). ✅ Химический + минеральный гибрид (хорошее решение). ✅ Витамин C (осветление при солнцезащите). ✅ Успокаивающие экстракты. ⚠️ Химические УФ-фильтры могут раздражать sensitive. 🚨 ДОРОГО (28.96₽/мл). 📌 ВЕРДИКТ: TOP для SPF 50+, но дорого. Есть дешевле варианты."
product_047,Birch juice moisturizing mask (тканевая),Round Lab,180,бюджет,Тканевая маска (одна штука),"Water, Glycerin, Methylpropanediol, Propanediol, Betula Platyphylla Japonica Juice, Hydroxyacetophenone, Carbomer, Tromethamine, Allantoin, Caffeine, Polyglyceryl-10 Laurate, Polyglyceryl-10 Myristate, Butylene Glycol, Caprylyl Glycol, Xanthan Gum, Ethylhexylglycerin, 1,2-Hexanediol, Dipotassium Glycyrrhizate, Sodium Hyaluronate, Disodium EDTA, Althaea Rosea Flower Extract, Glyceryl Caprylate","Тканевая маска для гидратации, тонизирования, успокаивания",~5.5-6.0 (благодаря pH-буферизации),"Caffeine (может раздражать при чувствительности на кофеин), Ethylhexylglycerin, Carbomer",✅ Хороший состав (Betula + Caffeine + успокаивающие). ✅ Дешево (180₽ за маску). ✅ Удобный формат. ⚠️ Caffeine может раздражать. 📌 ВЕРДИКТ: Хороший выбор для быстрой гидратации.
product_048,Birch juice moisturizing serum,Round Lab,1689,мидл,Сыворотка увлажняющая с витамином C,"Water, Methylpropanediol, Glycerin, 1,2-Hexanediol, Polyglycerin-3, Caprylic/Capric Triglyceride, Betula Platyphylla Japonica Juice(10,000ppm), Sodium Hyaluronate, Glyceryl Glucoside, Hydrolyzed Hyaluronic Acid, Butylene Glycol, Hyaluronic Acid, Ascorbic Acid, Beta-Glucan, Dipotassium Glycyrrhizate, Hydrogenated Lecithin, Ethylhexylglycerin, Eclipta Prostrata Leaf Extract, Laminaria Japonica Extract, Avena Sativa (Oat) Kernel Extract, Cynara Scolymus (Artichoke) Leaf Extract, Pteris Multifida Extract, Melia Azadirachta Leaf Extract, Melia Azadirachta Flower Extract, Coccinia Indica Fruit Extract, Aloe Barbadensis Flower Extract, Solanum Melongena (Eggplant) Fruit Extract, Ocimum Sanctum Leaf Extract, Corallina Officinalis Extract, Curcuma Longa (Turmeric) Root Extract, Cyclohexasiloxane, Dipropylene Glycol, Ammonium Acryloyldimethyltaurate/VP Copolymer, Xanthan Gum, Fructooligosaccharides, Carbomer, Disodium EDTA, Polyquaternium-51, Tromethamine, Tocopherol","Сыворотка увлажняющая, осветление (витамин C + Betula), гидратация (тройной гиалуронат), антиоксидация (множество растительных экстрактов)",~5.0-5.5 (благодаря pH-буферизации),"Ascorbic Acid (витамин C), Ethylhexylglycerin, множество растительных экстрактов (редко)","✅ ОТЛИЧНЫЙ состав: Betula Juice 1% (высокая концентрация!), Ascorbic Acid (витамин C), тройной гиалуронат. ✅ 10+ растительных экстрактов (богатый антиоксидантный комплекс). ⚠️ ОЧЕНЬ ДОРОГО (33.78₽/мл). ⚠️ Ascorbic Acid может раздражать при regula использовании. 📌 ВЕРДИКТ: TOP для осветления + гидратации, но дорого."
product_049,Xemose Face Cream,Uriage,915,бюджет,Крем для чувствительной кожи (с лактической кислотой!),"Aqua (Water, Eau), Butyrospermum Parkii (Shea) Butter, Squalane, Dicaprylyl Ether, Glycerin, Polysorbate 60, Caprylic/Capric Triglyceride, Sorbitan Stearate, 1,2-Hexanediol, Acrylates/C10-30 Alkyl Acrylate Crosspolymer, Behenyl Alcohol, Hydroxyacetophenone, Potassium Cetyl Phosphate, Shorea Stenoptera Seed Butter, Sodium Polyacrylate, Safflower Oil/Palm Oil Aminopropanediol Esters, Tocopheryl Acetate, Xanthan Gum, Sodium Hydroxide, Polyglyceryl-10 Stearate, Borage Seed Oil Aminopropanediol Amides, Triethyl Citrate, Polyglyceryl-6 Behenate, Asiaticoside, Phytosphingosine, Behenic Acid, Ceramide NP, Cetearyl Alcohol, Cholesterol, Glyceryl Stearate, Lactic Acid, Tocopherol, Ceramide NS, Ceramide EOP, Ceramide AP, Sodium Cetearyl Sulfate","Крем для чувствительной кожи, восстановление барьера (керамиды + липиды), мягкий пилинг (лактическая кислота), успокаивание (Centella), питание",~5.5-6.0 (благодаря pH-буферизации),"Sodium Cetearyl Sulfate (может быть раздражителем!), Lactic Acid (может раздражать при sensitivity), Sodium Hydroxide","✅ ОТЛИЧНЫЙ для sensitive: Керамидная триада + Cholesterol + lipids. ✅ ЛАКТИЧЕСКАЯ КИСЛОТА в креме (редко!) — мягкий пилинг + восстановление. ✅ Centella (Asiaticoside). 🚨 КРИТИЧНО: Sodium Cetearyl Sulfate (может быть раздражителем!). ⚠️ Lactic Acid + Ceramides (интересная комбинация, но редко встречается в один продукт). 📌 ВЕРДИКТ: TOP для sensitive с желанием мягкого пилинга. Но Sodium Cetearyl Sulfate рискован."
product_050,Creme riche lissante rides,PAYOT,2802,мидл,Питательный разглаживающий крем (анти-эйджинг),"Aqua (water), caprylic/capric triglyceride, butyrospermum parkii (shea) butter, glycerin, isononyl isononanoate, hydrogenated coco-glycerides, cetearyl alcohol, maltodextrin, hydroxyethyl acrylate/sodium acryloyldimethyl taurate copolymer, marrubium vulgare extract, hydrolyzed viola tricolor extract, sodium hyaluronate, jasminum officinale flower oil, (jasminum officinale (jasmine), oil), pinus cembra wood extract, parfum (fragrance), cetearyl glucoside, cellulose, sodium stearoyl glutamate, chlorphenesin, tocopheryl acetate, ethylhexylglycerin, xanthan gum, o-cymen-5-ol, polysorbate 60, sorbitan isostearate, citric acid, 1,2-hexanediol, caprylyl glycol, tocopherol","Анти-эйджинг крем, питание (Shea Oil + растительные масла), гидратация (гиалуронат), антивозраст (фиалка + мясо растение)",~5.5-6.0 (благодаря pH-буферизации Citric Acid),"Jasminum Oil (фототоксичен), O-Cymen-5-Ol (фенол, раздражитель), Ethylhexylglycerin, Chlorphenesin, Fragrance","✅ Питательный крем (Shea + масла). ✅ Фиалка (редкий компонент для морщин). 🚨 КРИТИЧНО: Jasminum Oil (фототоксичен!) — ❌ НЕ для дневного использования без SPF 50++! 🚨 O-Cymen-5-Ol (фенол-раздражитель). ⚠️ ОЧЕНЬ ДОРОГО (56.04₽/мл). 📌 ВЕРДИКТ: Люкс крем с фототоксичными компонентами. ТОЛЬКО ночь. Цена сумасшедшая за состав, который содержит раздражители."
product_051,Niacinamide 10% + Zinc 1%,ART & FACT,648,бюджет,Анти-акне сыворотка,"Aqua/Water, Niacinamide, Butylene Glycol, Zinc PCA, Propylene Glycol, Ethylhexylglycerin, Phenoxyethanol, Dimethyl Isosorbide, Xanthan Gum, Ceteareth-23, Dipropyleneglycol, Centaurea Cyanus Flower Extract, Vaccinium Vitis-Idaea Fruit Extract","Себорегуляция, противовоспаление, антиоксидация, матирование (Niacinamide + Zinc)","~6.0-6.5 (нейтральный, нет Citric Acid)","Ethylhexylglycerin, Phenoxyethanol (двойная консервация), Propylene Glycol, отсутствуют типичные раздражители","✅ ОТЛИЧНАЯ КОНЦЕНТРАЦИЯ: Ниацинамид 10% (это РАБОТАЕТ, 4-5% минимум для эффекта, 10% = мощно). ✅ Zinc PCA (себорегуляция, хорош). ✅ Простой, честный состав (ничего лишнего). ⚠️ Двойная консервация (Ethylhexylglycerin + Phenoxyethanol, может раздражать при чувствительности). ⚠️ pH ~6.0-6.5 (нейтральный, не буферизирован). ⚠️ Маленький формат (30мл, за месяц). 📌 ВЕРДИКТ: Хороший выбор для жирной/проблемной кожи (Niacinamide 10% работает отлично). Цена 21.60₽/мл разумна."
product_052,Azeloglicine 10%,ART & FACT,527,бюджет,Анти-акне сыворотка (азелаиновая кислота),"Aqua/Water, Potassium Azeloyl Diglycinate, Glycerin, Propylene Glycol, Magnezium Aspartate, Zinc Gluconate, Copper Gluconate, Ethylhexylglycerin, Phenoxyethanol, Glyceryl Stearate Citrate, Sodium PCA, Sodium Lactate, Arginine, Aspartic Acid, PCA, Glycine, Alanine, Serine, Valine, Proline, Threonine, Isoleucine, Histidine, Phenylalanine, Aloe Barbadensis Leaf Juice, Lysolecithin, Sclerotiumgum, Xanthan Gum, Pullulan, Isononyl Isononanoate, Acrylates/C10-30 Alkyl Acrylate Crosspolymer, Disodium EDTA, Panthenol, Sodium Hydroxide,  Salicylic Acid","Анти-акне (мощная), противопигментация (азелаиновая кислота), себорегуляция, пилинг мягкий (BHA), гидратация, противовоспаление",3.5-4.0 (из-за Salicylic Acid + Sodium Hydroxide буферизация),"Salicylic Acid (может раздражать), Ethylhexylglycerin + Phenoxyethanol (двойная консервация), Propylene Glycol, отсутствуют типичные раздражители","✅ МОЩНАЯ ФОРМУЛА: Азелаиновая кислота 10% (редко встречается, обычно 10-20% в креме, а здесь в сыворотке!). ✅ Salicylic Acid (BHA, добавочный пилинг). ✅ Аминокислотный комплекс (NMF для восстановления после пилинга). ✅ Гидратация (Glycerin + Aloe). ⚠️ ТРОИЧНОЕ ДЕЙСТВИЕ: Азелаиновая кислота + BHA + аминокислоты = может быть раздражающе при чувствительности. ⚠️ pH ~3.5-4.0 (кислое, нужна адаптация). ⚠️ Двойная консервация (может раздражать). 📌 ВЕРДИКТ: Это БОЕВАЯ сыворотка для серьезного акне/пигментации. Цена 17.57₽/мл справедлива. Но требует ОПЫТА."
product_053,2% BHA Cream Cleanser 31.2,andplus,700,бюджет,Очищающий гель с BHA,"Water, glycerin, cocamidopropyl betaine, cetyl alcohol, glyceryl stearate se, butylene glycol, coco-betaine, sodium methyl cocoyl taurate, salicylic acid, tromethamine, coco-glucoside, sodium chloride, hydroxyethyl acrylate/sodium acryloyldimethyl taurate copolymer, peg-120 methyl glucose dioleate, decyl glucoside, 1,2-hexanediol, caprylyl glycol, chlorella vulgaris extract, glucose, fructooligosaccharides, fructose, sodium cocoyl isethionate, sodium benzoate, sodium phytate, quillaja saponaria bark extract, citric acid, cynanchum atratum extract, ethylhexylglycerin, tocopherol, althaea rosea flower extract","Мягкое очищение, BHA пилинг (мягкий), себорегуляция, гидратация",~3.5-4.0 (благодаря Salicylic Acid + Citric Acid + Tromethamine буферизации),"Salicylic Acid (может раздражать), Ethylhexylglycerin, Sodium Benzoate, Citric Acid","✅ Хороший BHA (2%, работает). ✅ Мягкие ПАВ + мощное очищение. ⚠️ pH ~3.5-4.0 может стянуть сухую кожу. 📌 ВЕРДИКТ: Хороший выбор для жирной кожи, новичков с BHA."
product_054,Blemish Control,Гельтек,1145,мидл,Анти-акне сыворотка,"Purified water, butylene glycol, encapsulated salicylic acid, pentylene glycol, glycerol, ethoxydiglycol, mandelic acid, propylene glycol, d-panthenol, licorice root extract, green tea extract, allantoin, 1,2-hexanediol, caprylyl glycol","Анти-акне (BHA + AHA комбинация), пилинг (мягкий двойной), противовоспаление, успокаивание",~4.0-4.5 (благодаря буферизации),"Mandelic Acid + Salicylic Acid (могут раздражать), Propylene Glycol, Ethoxydiglycol","✅ ИННОВАТИВНО: Инкапсулированная BHA (более безопасна при нанесении). ✅ BHA + AHA (двойной пилинг, но мягкий). ✅ Успокаивающие компоненты. 📌 ВЕРДИКТ: TOP для акне (двойной пилинг, но буферизирован)."
product_055,Madagascar Centella Ampoule,Skin 1004,1310,мидл,Успокаивающая сыворотка,"Water, Glycerin, Butylene Glycol, Centella Asiatica Extract (30,000 ppm), 1,2-Hexanediol, Cellulose Gum, Ethylhexylglycerin","Успокаивание, заживление, гидратация, противовоспаление",~5.5-6.0 (нейтральный),"Ethylhexylglycerin, отсутствуют типичные раздражители","✅ ОЧЕНЬ ВЫСОКАЯ КОНЦЕНТРАЦИЯ Centella (3%! редко встречается). ✅ Простой, честный состав. ⚠️ ТОЛЬКО успокаивание (нет активных пилингов/витаминов). 📌 ВЕРДИКТ: TOP для sensitive/воспаленной кожи."
product_056,Ampoule Real Active Panthenol Plus,NEEDLY,1573,мидл,Увлажняющая сыворотка с пантенолом,"Water, Panthenol, Dipropylene Glycol, Niacinamide, Allantoin, Caprylyl Glycol, 1,2-Hexanediol, Propanediol, Illicium Verum (Anise) Fruit Extract, Betaine, Trehalose, Tromethamine, Butylene Glycol, Sodium Hyaluronate, Hippophae Rhamnoides Fruit Extract, C12-14 Pareth-12, Carbomer, Cetyl Ethylhexanoate, Caprylyl Glycol, Ethylhexylglycerin, Adenosine, Disodium EDTA, Xanthan Gum, Citrus Aurantium Bergamia (Bergamot) Fruit Oil, Linalool, Limonene","Глубокая гидратация, успокаивание, восстановление барьера, антиоксидация",~5.5-6.0 (благодаря pH-буферизации Tromethamine),"🚨 ФОТОТОКСИЧНЫЕ МАСЛА (Citrus Aurantium Bergamia, Linalool, Limonene), Ethylhexylglycerin, Pareth-12","✅ ОЧЕНЬ ВЫСОКАЯ концентрация Panthenol (10-15%!). ✅ Хороший состав (успокаивание + гидратация). 🚨 ФОТОТОКСИЧНЫЕ МАСЛА — ❌ ТОЛЬКО ночь! 📌 ВЕРДИКТ: TOP для гидратации/успокаивания, но только ночь."
product_057,Snail 96,COSRX,1792,мидл,Эссенция (гиалуронат + улитка),"Snail Secretion Filtrate, Betaine, Butylene Glycol, 1,2-Hexanediol, Sodium Hyaluronate, Panthenol, Arginine, Allantoin, Ethyl Hexanediol, Sodium Polyacrylate, Carbomer, Phenoxyethanol","Гидратация, заживление, гладкость (улиточный фильтрат богат гликозаминогликанами)",~5.5-6.0 (нейтральный),"Phenoxyethanol, отсутствуют типичные раздражители","✅ КЛАССИЧЕСКИЙ K-beauty продукт. ✅ Высокая концентрация улиточного фильтрата (96%!). ✅ Хороший ratio цена/объём (100мл!). ❌ НЕ веган (животная слизь улитки). 📌 ВЕРДИКТ: TOP для гидратации, но не веган. Классик жанра."
product_058,Vital Crithmum Anti-Age Essence,LIMONI,1742,мидл,Антивозрастная эссенция,"Water, glycerin, dipropylene glycol, caprylic/capric triglyceride, propanediol, dimethicone, betaine, niacinamide, propylene glycol dicaprylate/dicaprate, cetearyl olivate, sorbitan olivate, phenoxyethanol, cetearyl alcohol, glyceryl stearate, peg-100 stearate, xanthan gum, hydroxyethyl acrylate/sodium acryloyldimethyl taurate copolymer, sodium acrylate/sodium acryloyldimethyl taurate copolymer, hydrogenated lecithin, cyclopentasiloxane, fragrance, cyclotetrasiloxane, ethylhexylglycerin, isohexadecane, glyceryl acrylate/acrylic acid copolymer, adenosine, dimethiconol, polysorbate 80, disodium edta, polysorbate 60, sorbitan isostearate, sorbitan oleate, crithmum maritimum callus culture filtrate, fructan, 1,2-hexanediol, disodium phosphate, tocopherol, sodium phosphate, caprylyl glycol, acetyl hexapeptide-8","Анти-эйджинг, разглаживание морщин (пептиды), гидратация, антиоксидация","~5.5-6.0 (нейтральный, но Dimethicone + силиконы)","Dimethicone (силикон, может оставить пленку), Cyclopentasiloxane + Cyclotetrasiloxane (силиконы много!), Phenoxyethanol + Ethylhexylglycerin, Fragrance","⚠️ МНОГО СИЛИКОНОВ (3 вида). ✅ Acetyl Hexapeptide-8 (работает против мимических морщин). ✅ Нияцинамид + Tocopherol. 🚨 Критмум = маркетинг (микроконцентрация). 📌 ВЕРДИКТ: Хорош для анти-эйджа, но силиконы могут быть проблемой."
product_059,Anti-Pigment,Eucerin,2410,мидл,Анти-пигментация сыворотка,"Aqua, Alcohol Denat., Butylene Glycol, Glycerin, Octocrylene, Isopropyl Palmitate, Cetearyl Isononanoate, Distarch Phosphate, Methylpropanediol, Isobutylamido Thiazolyl Resorcinol, Sodium Ascorbyl Phosphate, Sodium Hyaluronate, Glycyrrhiza Inflata Root Extract, Tocopherol, Glucosylrutin, Sodium Stearoyl Glutamate, Glyceryl Stearate, Sodium Polyacrylate, Dimethicone, Isoquercitrin, Citric Acid, Sodium Chloride, Trisodium EDTA, Caprylyl Glycol, Phenoxyethanol, Parfum","Осветление пигментации, антиоксидация, гидратация, разглаживание",~3.5-4.0 (из-за Citric Acid),"Isobutylamido Thiazolyl Resorcinol (может раздражать), Alcohol Denat. (спирт, может раздражать), Phenoxyethanol, Octocrylene (УФ-фильтр, может раздражать)","✅ СПЕЦИАЛЬНЫЙ КОМПОНЕНТ: Isobutylamido Thiazolyl Resorcinol (редко встречается, работает на пигментацию!). ✅ Стабилизированный витамин C. 🚨 ОЧЕНЬ ДОРОГО (80.33₽/мл). ⚠️ Alcohol Denat. может раздражать. 📌 ВЕРДИКТ: TOP для пигментации, но люкс-цена."
product_060,Skin Chemistry Bifida Barrier,MIXIT,443,бюджет,Восстанавливающая сыворотка,"Aqua, C12-15 Alkyl Benzoate, Glyceryl Stearate, Ethoxydiglycol, Bifida Ferment Lysate, Lactobacillus Ferment Lysate, Niacinamide, Propylene Glycol, Linoleic Acid, Panthenol, Linolenic Acid, Bisabolol, Tocopheryl Acetate, Aesculus Hippocastanum Fruit Extract, Xanthan Gum, Phospholipids, Sphingolipids, Ceteareth-20, Ceteareth-12, Cetearyl Alcohol, Cetyl Palmitate, Phenoxyethanol, Ethylhexylglycerin, Chlorphenesin, Benzophenone-4, Arginine, Parfum, Benzyl Alcohol, Sodium Benzoate, Potassium Sorbate, Disodium EDTA, CI 16035","Восстановление барьера (пробиотики + липиды), гидратация, успокаивание, противовоспаление",~5.5-6.0 (нейтральный),"Benzophenone-4 (УФ-фильтр, может раздражать), Ethylhexylglycerin + Phenoxyethanol (двойная консервация), Chlorphenesin, CI 16035 (синтетический краситель)",✅ ОТЛИЧНОЕ СООТНОШЕНИЕ ЦЕНА/КАЧЕСТВО (14.77₽/мл за пробиотики + липиды!). ✅ Двойной пробиотик-лизат (редко). ✅ Омега-масла. ⚠️ Benzophenone-4 + много консервантов. 📌 ВЕРДИКТ: TOP для восстановления барьера при дешевой цене.
product_061,Arginine 2.7%,TRUE ALCHEMY,534,бюджет,Сыворотка с аргинином,"Aqua, Aloe Barbadensis Leaf Juice, Glycerin, Arginine, Pentylene Glycol, Hydrolyzed Soy Protein, Sodium Hyaluronate, Benzyl Alcohol, Xanthan Gum, Citric Acid, Polygonum Fagopyrum Seed Extract, Ginkgo Biloba Leaf Extract, Sorbus Aucuparia Fruit Extract, Benzoic Acid, Lactic Acid","Синтез коллагена (аргинин), гидратация, антиоксидация, успокаивание, питание",~5.0-5.5 (благодаря Citric Acid),"Benzoic Acid (консервант), Lactic Acid (может раздражать), Benzyl Alcohol","✅ БЮДЖЕТНАЯ цена за аргинин. ✅ Простой состав. ⚠️ Аргинин (2.7%) может работать, но концентрация не очень высокая для синтеза коллагена. 📌 ВЕРДИКТ: Бюджетный вариант для anti-age, но есть лучше."
product_062,Lactic Acid 9% + LHA,TRUE ALCHEMY,707,бюджет,Пилинг-сыворотка,"Aqua, Aloe Barbadensis Leaf Juice, Lactic Acid, Glycerin, Pentylene Glycol, Xanthan Gum, Benzyl Alcohol, Sodium Hyaluronate, Cucumis Sativus L. Extract, Avena Sativa L. Extract, Tilia Cordata Mill. Extract, Pinus Sibirica Seed Oil","Пилинг (AHA + LHA комбинация, мягкий), гидратация, успокаивание (алоэ)",~3.0-3.5 (из-за Lactic Acid),"Lactic Acid (может раздражать), Benzyl Alcohol, отсутствуют типичные раздражители","✅ LHA (лип-гидрокси кислота, редко встречается, работает в порах!). ✅ Лактическая кислота 9% (хорошая концентрация). ✅ Алоэ (успокаивает). 📌 ВЕРДИКТ: TOP пилинг-сыворотка за цену."
product_063,Vitamin C 13%,TRUE ALCHEMY,1153,мидл,Осветляющая сыворотка,"Aqua, Ascorbyl Glucoside, Glycerin, Pentylene Glycol, Betaine, Xanthan Gum, Benzyl Alcohol, Prunus Amygdalus Dulcis Oil, Sodium Hyaluronate, Fagopyrum P. Mill. Extract, Hippophae Rhamnoides Fruit Oil, Inonotus Obliquus Extract","Осветление, антиоксидация, питание, гидратация",~5.5-6.0 (нейтральный),"Benzyl Alcohol, отсутствуют типичные раздражители","✅ Стабилизированный витамин C (Ascorbyl Glucoside, безопаснее L-аскорбиновой). ✅ Питающие масла. ✅ Чага (антиоксидант). ⚠️ ДОРОГО (38.43₽/мл). 📌 ВЕРДИКТ: TOP для осветления + питания, стабилизированный витамин C."
product_064,Anthelios SPF 50+,La Roche-Posay,2006,мидл,Солнцезащитный увлажняющий крем SPF 50+,"Aqua / water, diisopropyl sebacate, alcohol denat., ethylhexyl salicylate, ethylhexyl triazone, bis-ethylhexyloxyphenol methoxyphenyl triazine, diisopropyl adipate, peg-8, dipropylene glycol, c12-22 alkyl acrylate/hydroxyethylacrylate copolymer, glycerin, drometrizole trisiloxane, aluminum starch octenylsuccinate, butyl methoxydibenzoylmethane, methoxypropylamino cyclohexenylidene ethoxyethylcyanoacetate, silica, tocopherol, diethylamino hydroxybenzoyl hexyl benzoate, acrylates copolymer, acrylates/c10-30 alkyl acrylate crosspolymer, caprylyl glycol, hydroxyacetophenone, pentaerythrityl tetra-di-t-butyl hydroxyhydrocinnamate, sodium polyacrylate, terephthalylidene dicamphor sulfonic acid, triethanolamine, trisodium ethylenediamine disuccinate","SPF 50+ PA++++ (широкий спектр, химические УФ-фильтры), гидратация, матирование, антиоксидация",~6.0-6.5 (нейтральный),"🚨 МНОГО химических УФ-фильтров (могут раздражать sensitive), Alcohol Denat. (спирт), Diethylamino Hydroxybenzoyl Hexyl Benzoate (раздражитель)","✅ SPF 50+ PA++++ (хороший уровень). ✅ Люкс-бренд (La Roche-Posay). ⚠️ МНОГО химических УФ-фильтров = может раздражать sensitive. ⚠️ ДОРОГО (40.12₽/мл). 📌 ВЕРДИКТ: Хороший SPF, но дорог и может раздражать sensitive."
product_065,Hydrating Sunscreen SPF 50,ICON SKIN,1606,мидл,"SPF 50+ (универсальный, для лица и тела)","Aqua, Bis-Ethylhexyloxyphenol Methoxyphenyl Triazine, Coco-Caprylate/Caprate, Ethylhexyl Methoxycinnamate, Homosalate, Glyceryl Stearate, Titanium Dioxide (nano), Cetearyl Alcohol, Disodium Cetearyl Sulfosuccinate, Cetearyl Olivate, Sorbitan Olivate, PEG-40 Hydrogenated Castor Oil, Trehalose, Silica, Potassium Cetyl Phosphate, Ammonium Acryloyldimethyltaurate/VP Copolymer, Xanthan Gum, Panthenol, Bisabolol, Tocopherol (mixed), Beta Sitosterol, Squalene, Phenoxyethanol, Ethylhexylglycerin, Disodium EDTA, Lactic Acid","SPF 50+ (химический + минеральный гибрид, BROAD SPECTRUM), гидратация, питание, успокаивание",~4.0-4.5 (благодаря Lactic Acid + буферизации),"🚨 Lactic Acid (может раздражать sensitive!), Homosalate (фототоксичен в высокой концентрации), Ethylhexylglycerin, Phenoxyethanol, Titanium Dioxide (nano = может проникать)","🚨 LACTIC ACID в SPF = НОВЫЙ ПОДХОД (мягкий пилинг при защите!). ✅ Большой объём (75мл). ✅ Гибридный фильтр (химический + минеральный). ⚠️ Homosalate потенциально раздражает sensitive. ⚠️ Nano Titanium Dioxide (риск проникания). 📌 ВЕРДИКТ: Инновативен (AHA + SPF), но не для чувствительной кожи."
product_066,Daily Sunscreen SPF 50 PA++++,FOR ME by gold apple,747,бюджет,SPF 50+ (химический),"Water, Dibutyl Adipate, Terephthalylidene Dicamphor Sulfonic Acid, Butyloctyl Salicylate, Ethylhexyl Triazone, Polyglyceryl-6 Stearate, Butylene Glycol, Tromethamine, Diethylamino Hydroxybenzoyl Hexyl Benzoate, Bis-Ethylhexyloxyphenol Methoxyphenyl Triazine, Cetearyl Alcohol, Polysilicone-15, Glyceryl Stearate, Stearyl Alcohol, Caprylyl Glycol, Dipropylene Glycol, Polyglyceryl-3 Distearate, Polyglyceryl-6 Behenate, Hydroxyacetophenone, Fragrance, Sodium Polyacryloyldimethyl Taurate, Acrylates/C10-30 Alkyl Acrylate Crosspolymer, Polymethylsilsesquioxane, Carbomer, Silica, Disodium EDTA, Dipotassium Glycyrrhizate","SPF 50+ PA++++ (ХИМИЧЕСКИЙ, BROAD SPECTRUM), успокаивание, матирование",~5.5-6.0 (благодаря Tromethamine буферизации),"Ethylhexyl Triazone (может раздражать), Diethylamino Hydroxybenzoyl Hexyl Benzoate (раздражитель), Butyloctyl Salicylate, Fragrance",✅ САМЫЙ ДЕШЕВЫЙ SPF (14.94₽/мл). ✅ PA++++ (очень хороший UVA защита). ✅ 5 химических фильтров (мощная защита). ⚠️ ОЧЕНЬ МНОГО раздражающих фильтров (не для sensitive). 📌 ВЕРДИКТ: БЮДЖЕТНЫЙ TOP для жирной кожи. Не веган? Нет данных.
product_067,Royal Red Ginseng SPF 50+,ORIKO,663,бюджет,SPF 50+ (химический + растительный комплекс),"Water, Dibutyl Adipate, Butylene Glycol, Dipropylene Glycol, Polyglyceryl-3 Distearate, Ethylhexyl Triazone, Diethylamino Hydroxybenzoyl Hexyl Benzoate, Bis-Ethylhexyloxyphenol Methoxyphenyl Triazine, Niacinamide, Cetearyl Olivate, Cetearyl Alcohol, Poly C10-30 Alkyl Acrylate, Dimethicone, Methylene Bis-Benzotriazolyl Tetramethylbutylphenol, Panax Ginseng Root Extract, Sodium Hyaluronate (5 форм: Sodium Hyaluronate + Crosspolymer + Hydrolyzed + Acetylated + Potassium, ~3-4% ВМЕСТЕ!), Melaleuca Alternifolia (Tea Tree) Extract, Moringa Oleifera Leaf Extract, Artemisia Capillaris Extract, Rosmarinus Officinalis (Rosemary) Leaf Extract, Resveratrol, Helianthus Annuus (Sunflower) Seed Extract, Hydrolyzed Hyaluronic Acid, Centella Asiatica Extract, Portulaca Oleracea Extract, Sorbitan Olivate, Arginine, Carbomer, Hydroxyacetophenone, Glyceryl Stearate Citrate, Decyl Glucoside, Fragrance, Adenosine, Caprylyl Glycol, Glycerin, 1,2-Hexanediol, Xanthan Gum, Pentylene Glycol","SPF 50+ (ХИМИЧЕСКИЙ, гиалуронатный комплекс для гиперувлажнения, anti-age ботаники)","~6.0-6.5 (нейтральный, благодаря pH-буферизации)","Ethylhexyl Triazone (может раздражать), Diethylamino Hydroxybenzoyl Hexyl Benzoate (раздражитель), Fragrance","✅ ЭКСТРЕМАЛЬНО ВЫСОКАЯ концентрация гиалуронатов (3-4% в 5 формах!). ✅ ОЧЕНЬ ДЕШЕВО (13.26₽/мл). ✅ Множество ботанических экстрактов (красный женьшень, ресвератрол, центелла). ⚠️ Много раздражающих фильтров (не для sensitive). 🚨 Dimethicone (силикон, может оставить пленку). 📌 ВЕРДИКТ: СУПЕР для гиперувлажнения + дешево. Для жирной кожи (силикон может быть проблема)."
product_068,Idebenone Mild SPF 50+,POGONIA,1458,мидл,"SPF 50+ (минеральный, anti-age с идебеноном)","Water, Zinc Oxide, Cyclopentasiloxane, Dibutyl Adipate, Isohexadecane, Titanium Dioxide, Glycerin, Cetyl PEG/PPG-10/1 Dimethicone, Isoamyl p-Methoxycinnamate, Hydrogenated poly (C6-14 olefin), Niacinamide, Diethylamino Hydroxybenzoyl Hexyl Benzoate, Aluminum Hydroxide, Aluminum Hydroxide, Sodium Chloride, Stearic Acid, Bisethylhexyloxyphenol methoxyphenyl triazine, Sorbitan Sesquioleate, Disteardimonium Hectorite, Calcium Aluminum Borosilicate, beeswax, Triethoxycapriline, Caprylic/Capric Triglyceride, Chlorphenesin, Glyceryl Caprate, Hydrogenated Lecithin, Butylene Glycol, Disodium EDTA, Tocopherol, Adenosine, Hydroxydecyl Ubiquinone (Idebenone), Ficus Carica (Fig) Fruit Extract, Ginkgo Biloba Nut Extract, Morus Alba Fruit Extract, Punica Granatum Fruit Extract, Chamaecyparis Obtusa Leaf Extract, Origanum Vulgare Leaf Extract, Salix Alba (Willow) Bark Extract, Cinnamomum Cassia Bark Extract, Lactobacillus, Soybean Ferment Extract, Portulaca Oleracea Extract, Scutellaria Baicalensis Root Extract","SPF 50+ (МИНЕРАЛЬНЫЙ + ХИМИЧЕСКИЙ гибрид, анти-эйджинг с идебеноном и пробиотиками)",~6.0-6.5 (нейтральный),"Cyclopentasiloxane (силикон, летучий), Chlorphenesin (консервант), Diethylamino Hydroxybenzoyl Hexyl Benzoate (раздражитель), ❌ Beeswax (животный)","✅ IDEBENONE (редко, мощный антиоксидант, как CoQ10 но сильнее). ✅ Множество ботанических экстрактов. ✅ Пробиотики (Lactobacillus). ✅ SPF 50+. ⚠️ ДОРОГО (29.16₽/мл). ❌ НЕ веган (Beeswax). 🚨 Cyclopentasiloxane (летучий силикон, может раздражать при вдыхании). 📌 ВЕРДИКТ: Премиум anti-age SPF, но дорог и не веган."
product_069,Birch Juice Moisturizing Sunscreen SPF 50+ PA++++,Round Lab,1448,мидл,"SPF 50+ PA++++ (гибридный, с витамином C и берёзовым соком)","Water, Dibutyl Adipate, Propanediol, Diethylamino Hydroxybenzoyl Hexyl Benzoate, Polymethylsilsesquioxane, Ethylhexyl Triazone, Niacinamide, Methylene Bis-Benzotriazolyl Tetramethylbutylphenol, Coco-Caprylate/Caprate, Caprylyl Methicone, Diethylhexyl Butamido Triazone, Glycerin, 1,2-Hexanediol, Butylene Glycol, Betula Platyphylla Japonica Juice (1,425 ppm), Sodium Hyaluronate, Hyaluronic Acid, Glyceryl Glucoside, Dipotassium Glycyrrhizate, Allantoin, Portulaca Oleracea Extract, Artemisia Annua Extract, Pinus Sylvestris Leaf Oil, Anthemis Nobilis Flower Oil, Acrylates/C10-30 Alkyl Acrylate Crosspolymer, Sodium Stearoyl Glutamate, Polyacrylate Crosspolymer-6, Ethylhexylglycerin, Ascorbic Acid, Adenosine, Pentylene Glycol, Behenyl Alcohol, Poly C10-30 Alkyl Acrylate, Polyglyceryl-3 Methylglucose Distearate, Decyl Glucoside, Tromethamine, Xanthan Gum, t-Butyl Alcohol, Tocopherol, Carbomer","SPF 50+ PA++++ (ХИМИЧЕСКИЙ гибрид, гидратация, осветление)",~4.5-5.0 (слегка кислый из-за Ascorbic Acid),"🚨 Ascorbic Acid (может раздражать при солнце!), Ethylhexyl Triazone (раздражитель), Diethylamino Hydroxybenzoyl Hexyl Benzoate (раздражитель), Pinus Leaf Oil + Anthemis Oil (фототоксичны), Ethylhexylglycerin","🚨 ВИТАМИН C (Ascorbic Acid) В SPF = РИСК! Может повысить фототоксичность при солнце. ⚠️ Растительные масла (фототоксичны). ⚠️ Берёзовый сок = микромаркетинг (1.4 ppm!). ✅ PA++++ (очень хороший UVA). ✅ Множество гиалуронатов + Niacinamide. 📌 ВЕРДИКТ: ХОР для гидратации, но Vitamin C в SPF может быть проблема (использовать только ночью!)."
product_070,Dual Barrier Watery Sun Cream SPF 50+ PA++++,Celimax,1112,мидл,"SPF 50+ PA++++ (минеральный, для sensitive кожи)","Purified Water, Zinc Oxide, Cyclohexasiloxane, Butyloctyl Salicylate, Propanediol, Propylheptyl Caprylate, Isododecane, Polyglyceryl-3 Polydimethylsiloxyethyl Dimethicone, Dicaprylyl Carbonate, Caprylyl Methicone, Rosemary Leaf Oil, Sodium Hyaluronate, Hydrogenated Lecithin, Disteardimonium Hectorite, Magnesium Sulfate, Triethoxycaprylylsilane, 1,2-Hexanediol, Methyl Methacrylate Crosspolymer, Vinyldimethicone/Methicone Silsesquioxane Crosspolymer, Polyglyceryl-2 Dipolyhydroxystearate, Lauryl Polyglyceryl-3 Polydimethylsiloxyethyl Dimethicone, Glyceryl Caprylate, Caprylyl Glycol, Ethylhexylglycerin, Heptasodium Hexacarboxymethyl Dipeptide-12, Tocopherol, Ceramide NP, Dipropylene Glycol, Glyceryl Stearate, Ceramide AP, Ceramide EOP, Cholesterol, Ceramide NS, Ceramide AS, Ceramide EOS, Phytosphingosine, Xylitylglucoside, Anhydroxylitol, Xylitol, Sodium Lauroyl Lactylate, Sodium PCA, Sodium Lactate, Carbomer, Arginine","SPF 50+ PA++++ (МИНЕРАЛЬНЫЙ, восстановление барьера, для sensitive кожи)",~6.0-6.5 (нейтральный),"🚨 МНОЖЕСТВЕННЫЕ СИЛИКОНЫ (Cyclohexasiloxane, Caprylyl Methicone, Dimethicone виды, ~10-15%!), Butyloctyl Salicylate (может раздражать), Ethylhexylglycerin, Rosemary Leaf Oil (фототоксичен)","✅ DUAL BARRIER = уникальный подход (9 керамидов + Cholesterol + lipids). ✅ TOP для sensitive (восстановление барьера). ✅ PA++++ (мощная UVA защита). ⚠️ МНОГО СИЛИКОНОВ (может оставить пленку). 🚨 Rosemary Leaf Oil (фототоксичен!). 📌 ВЕРДИКТ: TOP для sensitive/раздраженной кожи, но много силиконов и фототоксичное масло."
product_071,Aloe Waterproof SPF 50+,Holika Holika,1204,мидл,"SPF 50+ (гибридный, водостойкий, с алоэ и пробиотиками)","Water (русский перевод: Вода), Dibutyl Adipate, Propanediol, Diethylamino Hydroxybenzoyl Hexyl Benzoate, Polymethylsilsesquioxane, Ethylhexyl Triazone, Niacinamide, Methylene Bis-Benzotriazolyl Tetramethylbutylphenol, Coco-Caprylate/Caprate, Caprylyl Methicone, Diethylhexyl Butamido Triazone, Glycerin, Butylene Glycol, 1,2-Hexanediol, Sea Buckthorn Fruit Extract (облепиха), Wild Carrot Extract, Dog Rose Fruit Extract (шиповник), Apple Fruit Extract, Aloe Ferox Leaf Extract (5 ppb, алоэ ферокс — южноафриканская разновидность), Artemisia Princeps Extract (полынь), Apricot Juice (абрикосовый сок), Hydrogenated Lecithin, Pentylene Glycol, Behenyl Alcohol, Poly C10-30 Alkyl Acrylate, Polyglyceryl-3 Methylglucose Distearate, Decyl Glucoside, Tromethamine, Carbomer, Acrylate/C10-30 Alkyl Acrylate Crosspolymer, Sodium Stearoyl Glutamate, Polyacrylate Crosspolymer-6, Ethylhexylglycerin, Adenosine, Xanthan Gum, t-Butyl Alcohol, Tocopherol, Moringa Seed Oil, Ceramide NP, Phytosphingosine, Fragrance","SPF 50+ (ГИБРИДНЫЙ химический + минеральный черезCeramides, WATERPROOF, успокаивание + гидратация)",~6.0-6.5 (нейтральный),"Diethylamino Hydroxybenzoyl Hexyl Benzoate (раздражитель), Ethylhexylglycerin, t-Butyl Alcohol (спирт, может раздражать), Fragrance, Moringa Seed Oil","✅ ВОДОСТОЙКИЙ (WATERPROOF). ✅ Множество ягод/фруктов для антиоксидации. ✅ Керамиды (восстановление барьера). ✅ Большой объём (70мл). ⚠️ Aloe Ferox = микроконцентрация (5 ppb маловато). ⚠️ t-Butyl Alcohol (спирт, может раздражать). 📌 ВЕРДИКТ: Хороший водостойкий SPF для отпуска/пляжа. Множество ботаники."
